symbol,event_date,sector,volume_z,short_mom_bps,med_mom_bps,long_mom_bps,peer_drift_bps,sector_drift_bps,peer_dispersion_bps,realized_vol_21d_pct,vix_t1,usdinr_change_5d_bps,in10y_change_5d_bps,trust_score_pct,trust_tier,liq_decile,dte_monthly_exp,quarter,stock_event_ret_bps,sector_event_ret_bps,excess_event_ret_bps,direction_proxy,regime,ret_h1_bps,ret_h3_bps,ret_h5_bps,ret_h10_bps,ret_h21_bps
AUBANK,2022-01-28,Banks,-0.1044,172.64,2616.33,864.88,195.44,195.44,319.43,38.7188,,99.59,13.8,83.3,HIGH,4,27,1,-32.53,-27.82,-4.71,MISS_LIKE,NEUTRAL,-32.53,558.91,824.25,801.52,-321.39
AUBANK,2022-04-26,Banks,1.5824,-362.9,1027.03,1599.3,-112.94,-112.94,184.01,30.6972,,39.57,-10.8,83.3,HIGH,4,2,2,340.41,179.44,160.96,BEAT_LIKE,NEUTRAL,340.41,288.18,15.71,-776.14,-585.12
AUBANK,2022-07-19,Banks,-0.4381,-342.29,-926.49,-1171.58,116.9,116.9,239.75,30.6493,,69.21,4.6,83.3,HIGH,4,9,3,160.61,219.77,-59.16,MISS_LIKE,RISK-ON,160.61,529.39,438.76,861.74,1590.94
AUBANK,2022-10-19,Banks,0.0767,631.32,-425.47,-1184.26,422.79,422.79,303.45,43.515,,14.85,-0.9,83.3,HIGH,4,8,4,5.59,5.96,-0.36,MISS_LIKE,NEUTRAL,5.59,-739.29,-810.42,-143.86,-214.2
AUBANK,2023-01-19,Banks,-0.6761,21.49,-605.88,1127.54,-18.1,-18.1,235.07,21.3626,,41.3,3.9,83.3,HIGH,4,7,1,-131.06,-22.73,-108.33,MISS_LIKE,NEUTRAL,-131.06,181.1,-216.04,-65.93,-254.17
AUBANK,2023-04-25,Banks,0.2953,-420.6,1454.45,606.28,23.79,23.79,241.19,60.6514,,-17.66,-11.0,83.3,HIGH,4,2,2,-56.48,61.98,-118.46,MISS_LIKE,NEUTRAL,-56.48,-292.97,302.76,545.26,1536.38
AUBANK,2023-07-24,Banks,-0.7772,-1.95,371.36,2234.25,165.84,165.84,255.72,24.0201,,-7.31,1.3,83.3,HIGH,4,3,3,-366.87,-22.46,-344.41,MISS_LIKE,RISK-ON,-366.87,-460.05,-548.68,-370.13,-505.67
AUBANK,2023-10-30,Banks,0.1322,-138.61,-746.23,722.46,-244.07,-244.07,279.24,18.5403,,13.5,-1.4,83.3,HIGH,4,31,4,-349.95,-4.77,-345.18,MISS_LIKE,NEUTRAL,-349.95,-310.82,-302.13,132.59,842.63
AUBANK,2024-01-25,Banks,1.2541,-266.04,-419.73,-391.63,-130.57,-130.57,421.52,28.9017,,-6.25,1.8,83.3,HIGH,4,0,1,-398.78,7.92,-406.7,MISS_LIKE,RISK-ON,-398.78,-1519.16,-1387.59,-1921.33,-1862.33
AUBANK,2024-04-24,Banks,-0.1409,-63.58,885.87,-1407.63,242.14,242.14,239.04,24.5671,,-43.99,-2.6,83.3,HIGH,4,1,2,155.05,1.8,153.24,BEAT_LIKE,NEUTRAL,155.05,-159.15,395.41,251.85,182.94
AXISBANK,2022-01-24,Banks,0.4674,-2.1,674.16,-567.91,-337.29,-337.29,188.16,23.021,,20.79,-1.6,94.5,HIGH,6,3,1,-110.88,-206.83,95.96,BEAT_LIKE,CAUTION,-110.88,861.05,849.82,1082.1,935.44
AXISBANK,2022-04-28,Banks,-0.4619,-447.74,406.25,-937.17,-192.34,-192.34,184.71,20.6285,,48.53,-6.1,94.5,HIGH,6,0,2,181.49,57.55,123.94,BEAT_LIKE,RISK-ON,181.49,-503.33,-829.74,-1517.82,-1013.19
AXISBANK,2022-07-25,Banks,0.2838,675.68,1543.57,40.64,484.53,484.53,290.49,22.5795,,-21.25,-2.3,94.5,HIGH,6,3,3,-46.53,-60.82,14.29,BEAT_LIKE,RISK-ON,-46.53,-161.48,-82.11,-30.79,265.48
AXISBANK,2022-10-20,Banks,0.309,347.26,210.4,458.2,569.21,569.21,275.8,30.8319,,100.8,2.9,94.5,HIGH,6,7,4,-48.2,5.25,-53.46,MISS_LIKE,NEUTRAL,-48.2,959.21,1027.9,412.12,484.42
AXISBANK,2023-01-23,Banks,-0.2994,190.55,264.17,3004.68,-203.62,-203.62,240.92,19.4555,,-82.24,2.0,94.5,HIGH,6,3,1,23.1,13.95,9.15,BEAT_LIKE,NEUTRAL,23.1,-410.51,-630.81,-514.75,-929.56
AXISBANK,2023-04-27,Banks,2.0547,217.55,457.71,-141.6,151.95,151.95,294.14,15.1874,,-46.26,-10.4,94.5,HIGH,6,0,2,-70.41,84.32,-154.73,MISS_LIKE,RISK-ON,-70.41,-191.52,-244.47,93.51,442.74
AXISBANK,2023-07-26,Banks,-0.185,-18.67,30.53,374.52,-0.58,-0.58,272.95,13.9106,,-24.37,2.8,94.5,HIGH,6,1,3,148.57,144.88,3.7,BEAT_LIKE,NEUTRAL,148.57,-130.39,-27.01,-99.74,195.84
AXISBANK,2023-10-25,Banks,-0.9464,-434.01,-529.83,940.54,-519.97,-519.97,331.25,21.9978,,-18.2,5.4,94.5,HIGH,6,1,4,-91.78,-59.54,-32.23,MISS_LIKE,NEUTRAL,-91.78,398.73,182.0,586.95,360.36
AXISBANK,2024-01-23,Banks,1.0322,-26.35,193.08,1578.87,-236.19,-236.19,431.92,20.3508,,32.22,3.6,94.5,HIGH,6,2,1,-244.5,-234.75,-9.76,MISS_LIKE,NEUTRAL,-244.5,-665.44,-559.31,-595.58,-289.73
AXISBANK,2024-04-24,Banks,0.4947,36.6,202.95,507.07,236.57,236.57,244.86,18.8592,,-43.99,-2.6,94.5,HIGH,6,1,2,71.04,6.47,64.57,BEAT_LIKE,NEUTRAL,71.04,706.13,1043.33,690.5,1120.06
BANDHANBNK,2021-11-09,Banks,1.9991,269.33,-1005.93,-28.53,288.41,288.41,619.36,57.1599,,-122.36,-8.6,0.0,LOW,7,16,4,385.79,68.35,317.43,BEAT_LIKE,RISK-ON,385.79,384.09,578.68,372.25,-428.09
BANDHANBNK,2022-01-21,Banks,0.1946,114.65,1581.08,-129.01,-129.08,-129.08,178.34,26.729,,42.06,2.6,0.0,LOW,7,6,1,-148.36,-213.48,65.12,BEAT_LIKE,NEUTRAL,-148.36,806.8,566.76,648.44,468.41
BANDHANBNK,2022-05-13,Banks,-0.3356,-459.54,-579.22,-89.61,-683.29,-683.29,400.87,29.5172,,59.26,-20.7,0.0,LOW,7,13,2,437.29,101.35,335.94,BEAT_LIKE,NEUTRAL,437.29,1229.66,337.0,401.12,639.49
BANDHANBNK,2022-07-22,Banks,-0.0636,479.1,187.02,-670.29,719.83,719.83,420.37,33.0026,,11.28,0.2,0.0,LOW,7,6,3,97.09,71.63,25.46,BEAT_LIKE,RISK-ON,97.09,-443.07,-97.09,-157.11,-111.21
BANDHANBNK,2022-10-28,Banks,-0.5702,16.65,296.69,-1886.71,465.33,465.33,508.11,27.6984,,-52.16,-6.4,0.0,LOW,7,27,4,-197.64,-20.94,-176.69,MISS_LIKE,EUPHORIA,-197.64,-1283.71,-1368.67,-1638.34,-1712.23
BANDHANBNK,2023-01-20,Banks,-0.8611,-73.53,194.18,-1623.82,-123.14,-123.14,248.91,28.5981,,-4.92,1.4,0.0,LOW,7,6,1,38.09,-5.44,43.54,BEAT_LIKE,NEUTRAL,38.09,512.17,167.19,-361.91,-25.4
BANDHANBNK,2023-05-19,Banks,-0.1856,310.59,1383.25,664.34,-4.74,-4.74,183.07,18.2556,,63.81,-1.2,0.0,LOW,7,6,2,-247.95,40.4,-288.35,MISS_LIKE,NEUTRAL,-247.95,401.64,827.87,997.95,407.79
BANDHANBNK,2023-07-14,Banks,0.2094,-627.58,-1455.16,-1271.99,-68.85,-68.85,324.85,31.0533,,-68.39,-8.8,0.0,LOW,7,13,3,268.77,125.08,143.68,BEAT_LIKE,NEUTRAL,268.77,-69.51,-192.31,34.75,581.42
BANDHANBNK,2023-10-18,Banks,-0.7063,-363.82,-387.01,1311.85,1.67,1.67,101.67,29.203,,10.22,2.1,0.0,LOW,7,8,4,-66.75,-128.73,61.98,BEAT_LIKE,NEUTRAL,-66.75,-592.41,-894.87,-1093.03,-947.02
BANDHANBNK,2024-02-09,Banks,-0.0376,-644.39,-883.35,-549.62,35.79,35.79,763.05,19.9186,,-2.53,3.2,0.0,LOW,7,20,1,95.73,80.59,15.13,BEAT_LIKE,CAUTION,95.73,-705.11,-784.5,-490.31,-1043.66
BANKBARODA,2021-11-10,Banks,0.2736,395.89,2071.51,4479.24,90.63,90.63,446.41,40.9068,,-69.62,-6.7,99.0,HIGH,6,15,4,-531.26,-127.33,-403.94,MISS_LIKE,RISK-ON,-531.26,-470.15,-902.68,-1222.38,-1325.81
BANKBARODA,2022-02-07,Banks,1.3231,-92.98,2303.7,2922.99,235.3,235.3,269.57,42.2575,,11.95,19.5,99.0,HIGH,6,17,1,600.66,-118.72,719.38,BEAT_LIKE,NEUTRAL,600.66,778.98,656.97,-112.62,-854.06
BANKBARODA,2022-05-13,Banks,-0.7612,-848.02,-2015.79,-968.5,-661.71,-661.71,401.88,32.7116,,59.26,-20.7,99.0,HIGH,6,13,2,-109.32,131.72,-241.04,MISS_LIKE,NEUTRAL,-109.32,635.09,26.03,239.46,942.22
BANKBARODA,2022-05-31,Banks,-0.465,600.21,-1005.31,1429.38,432.17,432.17,299.81,44.3992,,10.16,5.0,99.0,HIGH,6,30,2,-128.02,-100.7,-27.31,MISS_LIKE,RISK-ON,-128.02,206.79,49.24,-157.56,301.11
BANKBARODA,2022-08-01,Banks,-0.1081,91.15,1990.72,1592.49,123.84,123.84,258.62,33.1057,,-46.1,-7.1,99.0,HIGH,6,24,3,4.3,227.43,-223.13,MISS_LIKE,NEUTRAL,4.3,412.9,141.93,455.91,1479.57
BANKBARODA,2022-11-07,Banks,-0.4896,-213.27,715.35,4187.95,141.3,141.3,359.34,31.5422,,-96.4,2.4,99.0,HIGH,6,17,4,954.69,160.69,794.0,BEAT_LIKE,NEUTRAL,954.69,1445.87,1338.64,1200.28,2065.03
BANKBARODA,2023-02-03,Banks,1.1214,-203.5,-1568.14,2652.98,47.68,47.68,329.99,49.055,,64.9,-9.1,99.0,HIGH,6,20,1,619.93,121.86,498.07,BEAT_LIKE,RISK-ON,619.93,941.25,999.67,1041.87,1223.63
BANKBARODA,2023-05-16,Banks,-0.2867,337.36,726.37,1112.12,106.37,106.37,242.69,22.4128,,17.23,-4.5,99.0,HIGH,6,9,2,144.14,-6.39,150.53,BEAT_LIKE,NEUTRAL,144.14,-190.37,-152.3,-5.44,184.93
BANKBARODA,2023-08-07,Banks,0.3175,-536.6,-844.5,2746.07,-141.62,-141.62,232.24,24.7442,,54.78,2.1,99.0,HIGH,6,24,3,-101.91,-18.73,-83.18,MISS_LIKE,NEUTRAL,-101.91,141.1,67.94,-23.52,232.56
BANKBARODA,2023-11-06,Banks,-0.8088,279.95,-411.67,1443.59,182.36,182.36,161.51,30.963,,-12.61,-5.2,99.0,HIGH,6,24,4,-402.36,42.26,-444.61,MISS_LIKE,NEUTRAL,-402.36,-554.47,-439.16,-301.77,282.14
BANKBARODA,2024-01-31,Banks,1.0491,676.71,274.77,2007.59,194.0,194.0,505.6,31.843,,-3.61,-1.9,99.0,HIGH,6,29,1,427.46,138.1,289.36,BEAT_LIKE,NEUTRAL,427.46,749.63,541.17,932.83,1023.37
BANKINDIA,2021-11-02,Banks,0.8501,-234.44,671.38,-785.66,-364.23,-364.23,542.07,33.4229,,-14.01,2.5,6.0,LOW,7,23,4,355.96,255.22,100.74,BEAT_LIKE,RISK-ON,355.96,447.02,753.31,-99.34,-1001.66
BANKINDIA,2022-05-24,Banks,-0.9909,334.82,-655.9,-2159.19,-99.84,-99.84,311.24,38.818,,8.85,2.0,6.0,LOW,7,2,2,183.59,-55.89,239.48,BEAT_LIKE,CAUTION,183.59,-129.59,496.76,97.19,-831.53
BANKINDIA,2022-08-02,Banks,0.2234,581.27,1248.97,-542.99,467.45,467.45,414.91,28.7579,,-111.5,-12.7,6.0,LOW,7,23,3,254.32,236.58,17.75,BEAT_LIKE,RISK-ON,254.32,-81.38,-101.73,295.02,356.05
BANKINDIA,2022-11-03,Banks,3.131,645.72,2896.41,3691.16,-151.97,-151.97,448.78,40.1712,,42.05,-0.8,6.0,LOW,7,21,4,491.8,156.94,334.87,BEAT_LIKE,NEUTRAL,491.8,1581.97,2081.97,2180.33,3860.66
BANKINDIA,2023-01-17,Banks,-0.3121,653.24,866.19,11458.33,79.16,79.16,272.35,60.2818,,3.19,1.4,6.0,LOW,7,9,1,-454.78,-86.79,-367.98,MISS_LIKE,NEUTRAL,-454.78,-797.14,-1047.52,-1548.29,-2008.18
BANKINDIA,2023-05-08,Banks,0.3548,261.9,1349.57,3948.22,-104.46,-104.46,314.46,30.0674,,-2.45,-10.2,6.0,LOW,7,17,2,-585.85,68.0,-653.84,MISS_LIKE,CAUTION,-585.85,-939.68,-1009.28,-1218.1,-1386.31
BANKINDIA,2023-07-28,Banks,0.4729,35.52,1746.36,-60.83,-36.45,-36.45,263.73,30.7898,,20.12,3.3,6.0,LOW,7,34,3,-88.5,31.54,-120.03,MISS_LIKE,CAUTION,-88.5,123.89,-129.79,171.09,253.69
BANKINDIA,2023-11-06,Banks,-0.4821,350.23,-991.81,1798.93,178.46,178.46,158.22,49.2008,,-12.61,-5.2,6.0,LOW,7,24,4,191.92,9.24,182.68,BEAT_LIKE,NEUTRAL,191.92,494.95,404.04,560.61,1782.83
BANKINDIA,2024-02-02,Banks,-0.061,1057.03,2709.79,7309.52,397.46,397.46,564.16,32.3816,,-26.45,-10.7,6.0,LOW,7,27,1,422.97,24.38,398.59,BEAT_LIKE,NEUTRAL,422.97,-804.68,-257.91,-168.5,-618.98
CANBK,2022-01-27,Banks,-0.3501,-306.48,1190.3,4879.03,-150.72,-150.72,322.25,38.5311,,44.67,6.4,98.2,HIGH,9,0,1,876.24,288.08,588.16,BEAT_LIKE,NEUTRAL,876.24,1425.02,2179.31,1754.74,-591.69
CANBK,2022-05-06,Banks,-0.8324,-362.35,-685.87,470.53,-428.57,-428.57,289.4,27.5296,,-20.28,24.8,98.2,HIGH,9,20,2,-240.27,-168.43,-71.84,MISS_LIKE,RISK-OFF,-240.27,-1114.57,-1423.81,-1681.87,-607.34
CANBK,2022-07-25,Banks,0.6554,678.32,2321.14,368.1,484.38,484.38,290.39,41.1159,,-21.25,-2.3,98.2,HIGH,9,3,3,-185.55,-53.09,-132.46,MISS_LIKE,RISK-ON,-185.55,-87.32,-294.7,-340.54,133.16
CANBK,2022-10-20,Banks,0.5197,1140.94,12.06,1046.31,525.12,525.12,242.28,48.7929,,100.8,2.9,98.2,HIGH,9,7,4,397.59,-19.51,417.1,BEAT_LIKE,NEUTRAL,397.59,863.45,1630.52,1849.4,2608.43
CANBK,2023-01-23,Banks,-0.7289,-126.91,939.81,4097.24,-185.99,-185.99,256.98,39.5935,,-82.24,2.0,98.2,HIGH,9,3,1,128.55,8.09,120.45,BEAT_LIKE,NEUTRAL,128.55,-404.45,-840.26,-761.88,-1254.12
CANBK,2023-05-08,Banks,-0.6284,34.65,1091.57,909.25,-91.83,-91.83,324.21,19.8891,,-2.45,-10.2,98.2,HIGH,9,17,2,-167.95,44.78,-212.73,MISS_LIKE,CAUTION,-167.95,-557.21,-676.5,-651.39,-205.62
CANBK,2023-07-24,Banks,0.4129,133.35,1237.95,999.58,158.32,158.32,258.54,29.8054,,-7.31,1.3,98.2,HIGH,9,3,3,45.84,-45.38,91.22,BEAT_LIKE,RISK-ON,45.84,-25.14,150.82,-277.98,-354.87
CANBK,2023-10-26,Banks,-0.4898,-486.76,-567.92,1952.05,-451.84,-451.84,339.71,26.2929,,-18.61,-1.0,98.2,HIGH,9,0,4,158.3,-139.86,298.17,BEAT_LIKE,NEUTRAL,158.3,815.55,835.33,883.39,1019.08
CANBK,2024-01-24,Banks,0.1888,-194.65,700.62,3408.82,-500.98,-500.98,512.48,23.9244,,7.94,2.8,98.2,HIGH,9,1,1,-35.09,101.0,-136.1,MISS_LIKE,NEUTRAL,-35.09,409.08,572.49,2111.21,2770.34
COFORGE,2022-01-27,IT_Services,-0.2643,-1158.6,-1545.43,177.11,-903.93,-903.93,631.67,40.2723,,44.67,6.4,31.5,LOW,5,0,1,-796.48,-408.53,-387.96,MISS_LIKE,NEUTRAL,-796.48,66.61,86.06,-9.67,-1137.4
COFORGE,2022-05-12,IT_Services,0.5459,-1078.72,-1489.89,-2893.79,-683.74,-683.74,412.03,40.9142,,119.0,-18.8,31.5,LOW,5,14,2,-181.91,-198.31,16.4,BEAT_LIKE,NEUTRAL,-181.91,199.11,614.66,-687.21,-427.7
COFORGE,2022-07-22,IT_Services,0.4738,716.56,-157.93,-3263.42,661.22,661.22,398.1,36.0207,,11.28,0.2,31.5,LOW,5,6,3,291.93,-45.65,337.58,BEAT_LIKE,RISK-ON,291.93,225.64,622.25,811.08,253.91
COFORGE,2022-10-20,IT_Services,-0.418,491.07,1419.87,-359.53,-23.38,-23.38,385.76,30.1449,,100.8,2.9,31.5,LOW,5,7,4,120.53,71.34,49.19,BEAT_LIKE,NEUTRAL,120.53,170.37,198.96,-13.26,-101.82
COFORGE,2023-01-20,IT_Services,-0.2796,211.36,208.33,1294.5,75.39,75.39,280.42,24.8755,,-4.92,1.4,31.5,LOW,5,6,1,341.48,-46.44,387.92,BEAT_LIKE,NEUTRAL,341.48,901.16,825.78,909.08,977.06
COFORGE,2023-04-27,IT_Services,-0.07,341.55,520.46,290.09,225.24,225.24,285.39,37.658,,-46.26,-10.4,31.5,LOW,5,0,2,272.84,182.88,89.96,BEAT_LIKE,RISK-ON,272.84,474.05,408.88,507.61,1361.38
COFORGE,2023-07-20,IT_Services,0.8322,253.29,694.63,2664.84,488.47,488.47,346.94,23.2761,,0.61,0.1,31.5,LOW,5,7,3,-115.87,-17.4,-98.48,MISS_LIKE,RISK-ON,-115.87,-308.15,-327.73,-243.75,131.11
COFORGE,2023-10-19,IT_Services,-0.1247,-9.42,-816.61,3163.1,-104.22,-104.22,326.2,16.5575,,0.6,5.1,31.5,LOW,5,7,4,32.8,19.13,13.67,BEAT_LIKE,NEUTRAL,32.8,-347.01,-368.61,-32.43,1252.94
COFORGE,2024-01-23,IT_Services,0.1166,-300.42,469.09,3260.01,95.14,95.14,883.12,28.4094,,32.22,3.6,31.5,LOW,5,2,1,-333.19,-206.18,-127.0,MISS_LIKE,NEUTRAL,-333.19,-327.81,-265.85,257.05,233.91
ETERNAL,2022-02-10,IT_Services,-0.6891,-298.66,-2825.59,-2476.04,-41.97,-41.97,236.02,100.1905,,21.97,-9.1,26.6,LOW,10,14,1,26.54,20.84,5.7,BEAT_LIKE,CAUTION,26.54,-1220.81,-536.09,-1666.67,-1581.74
ETERNAL,2022-05-23,IT_Services,0.5009,292.55,-2770.86,-6378.67,33.73,33.73,264.99,74.0934,,4.11,4.1,26.6,LOW,10,3,2,-172.27,87.56,-259.83,MISS_LIKE,CAUTION,-172.27,732.13,689.06,2428.94,1197.24
ETERNAL,2022-08-01,IT_Services,6.4371,-168.07,-1665.18,-5340.97,240.66,240.66,327.65,76.6373,,-46.1,-7.1,26.6,LOW,10,24,3,-106.84,84.98,-191.82,MISS_LIKE,NEUTRAL,-106.84,1848.29,1666.67,3728.63,3344.02
ETERNAL,2022-11-10,IT_Services,-0.7059,365.08,-494.9,2449.95,-97.02,-97.02,220.39,35.1001,,-167.33,-1.7,26.6,LOW,10,14,4,-206.74,-66.82,-139.92,MISS_LIKE,RISK-OFF,-206.74,658.5,520.67,-543.65,-229.71
ETERNAL,2023-02-09,IT_Services,0.1826,1431.58,-73.13,-207.39,229.8,229.8,346.75,58.4251,,74.47,4.8,26.6,LOW,10,14,1,18.42,94.94,-76.53,MISS_LIKE,NEUTRAL,18.42,-460.41,-745.86,-248.62,-82.87
ETERNAL,2023-05-19,IT_Services,-0.1905,152.24,1885.55,-897.99,68.21,68.21,286.99,41.9154,,37.15,-5.1,26.6,LOW,10,6,2,181.53,135.82,45.71,BEAT_LIKE,NEUTRAL,181.53,-23.68,623.52,1231.26,1973.17
ETERNAL,2023-08-03,IT_Services,-0.2673,1185.57,1557.92,5710.41,176.02,176.02,243.91,45.5827,,21.08,7.8,26.6,LOW,10,28,3,-28.8,-30.05,1.25,BEAT_LIKE,CAUTION,-28.8,1244.24,841.01,501.15,1198.16
ETERNAL,2023-11-03,IT_Services,-0.5856,179.84,674.94,9935.13,113.62,113.62,339.87,36.8484,,-1.3,-2.9,26.6,LOW,10,27,4,832.17,89.67,742.5,BEAT_LIKE,NEUTRAL,832.17,1278.48,1329.61,1362.16,855.42
ETERNAL,2024-02-08,IT_Services,0.0658,-10.67,532.63,6175.11,368.75,368.75,479.93,42.2917,,3.62,1.0,26.6,LOW,10,21,1,263.53,33.51,230.02,BEAT_LIKE,CAUTION,263.53,954.42,844.02,1299.86,1396.01
FEDERALBNK,2022-01-25,Banks,-0.2615,-640.9,1323.07,544.41,-354.17,-354.17,270.21,32.0961,,10.33,2.5,62.0,HIGH,6,2,1,418.48,298.08,120.4,BEAT_LIKE,CAUTION,418.48,891.31,896.74,760.87,902.18
FEDERALBNK,2022-05-06,Banks,-0.7387,-358.42,-814.64,-392.86,-428.79,-428.79,289.35,22.5391,,-20.28,24.8,62.0,HIGH,6,20,2,-323.95,-163.78,-160.17,MISS_LIKE,RISK-OFF,-323.95,-185.87,-924.06,-1136.48,-424.85
FEDERALBNK,2022-07-15,Banks,-0.3427,-30.77,1185.27,-131.98,2.53,2.53,260.56,29.1548,,78.82,-3.1,62.0,HIGH,6,13,3,159.47,-32.51,191.98,BEAT_LIKE,NEUTRAL,159.47,1209.27,1224.97,1235.44,1554.81
FEDERALBNK,2022-10-14,Banks,-0.0559,166.87,343.69,2912.29,-171.1,-171.1,275.21,39.8501,,-77.32,-3.8,62.0,HIGH,6,13,4,436.35,76.4,359.95,BEAT_LIKE,RISK-ON,436.35,592.47,432.35,500.4,896.72
FEDERALBNK,2023-01-16,Banks,-0.1611,206.41,176.41,4497.17,-163.96,-163.96,200.37,36.3942,,-108.91,-4.3,62.0,HIGH,6,10,1,133.62,57.54,76.08,BEAT_LIKE,NEUTRAL,133.62,-126.4,-303.36,-390.03,-628.38
FEDERALBNK,2023-05-05,Banks,-0.1454,406.87,536.66,600.76,275.69,275.69,282.53,20.9427,,1.22,-8.3,62.0,HIGH,6,20,2,-835.72,-174.43,-661.3,MISS_LIKE,NEUTRAL,-835.72,-778.34,-832.14,-907.46,-950.5
FEDERALBNK,2023-07-13,Banks,0.3574,-84.93,778.8,-26.0,10.62,10.62,302.74,21.7242,,-94.36,-2.9,62.0,HIGH,6,14,3,-558.66,-121.85,-436.81,MISS_LIKE,NEUTRAL,-558.66,-122.9,111.73,-26.07,-3.72
FEDERALBNK,2023-10-16,Banks,-0.5807,307.0,292.8,1750.32,132.24,132.24,266.91,23.1607,,0.24,-6.6,62.0,HIGH,6,10,4,-56.89,35.51,-92.41,MISS_LIKE,NEUTRAL,-56.89,-190.76,-237.62,-568.94,50.2
FEDERALBNK,2024-01-16,Banks,-0.3894,99.04,-261.06,2157.65,301.12,301.12,280.91,23.0239,,-33.93,-4.1,62.0,HIGH,6,9,1,-212.49,47.04,-259.53,MISS_LIKE,NEUTRAL,-212.49,-398.82,-830.34,-369.4,238.64
HCLTECH,2022-01-14,IT_Services,-0.0764,338.61,1504.63,3677.07,72.35,72.35,371.29,25.5528,,-41.06,1.9,75.2,HIGH,5,13,1,22.11,-29.63,51.74,BEAT_LIKE,CAUTION,22.11,-858.16,-1116.86,-1834.1,-1335.28
HCLTECH,2022-04-21,IT_Services,-0.5637,-369.09,-673.34,-932.17,-568.29,-568.29,334.61,21.944,,24.62,-8.4,75.2,HIGH,5,7,2,89.96,95.26,-5.3,MISS_LIKE,RISK-ON,89.96,4.13,56.91,5.12,-398.06
HCLTECH,2022-07-12,IT_Services,0.2867,-393.02,-486.49,-2504.14,72.89,72.89,270.6,26.8211,,17.21,3.6,75.2,HIGH,5,16,3,-166.92,-45.35,-121.57,MISS_LIKE,NEUTRAL,-166.92,-429.76,-458.38,-25.93,203.42
HCLTECH,2022-10-12,IT_Services,-0.3557,-78.22,-177.39,-1719.25,-38.29,-38.29,266.89,22.0892,,97.57,6.4,75.2,HIGH,5,15,4,142.77,44.83,97.93,BEAT_LIKE,NEUTRAL,142.77,681.34,752.18,1045.95,1736.26
HCLTECH,2023-01-12,IT_Services,0.0328,102.48,-13.26,1611.58,29.83,29.83,156.47,16.3754,,-115.44,-3.6,75.2,HIGH,5,14,1,159.75,22.4,137.35,BEAT_LIKE,CAUTION,159.75,368.79,572.15,740.51,672.59
HCLTECH,2023-04-20,IT_Services,0.5593,-509.82,-314.25,558.95,-396.01,-396.01,420.34,27.3379,,39.04,1.4,75.2,HIGH,5,7,2,-11.55,-21.24,9.69,BEAT_LIKE,NEUTRAL,-11.55,147.78,258.5,446.05,725.62
HCLTECH,2023-07-12,IT_Services,0.5197,-668.73,-217.17,958.86,-109.99,-109.99,158.89,20.9169,,-1.02,-1.0,75.2,HIGH,5,15,3,-39.02,-22.12,-16.9,MISS_LIKE,NEUTRAL,-39.02,323.35,469.1,55.97,350.9
HCLTECH,2023-10-12,IT_Services,-0.1437,82.16,-280.52,1755.45,158.41,158.41,212.81,13.8069,,-5.41,9.3,75.2,HIGH,5,14,4,-175.42,-54.96,-120.45,MISS_LIKE,NEUTRAL,-175.42,201.11,191.47,-16.26,175.43
HCLTECH,2024-01-12,IT_Services,0.241,362.93,844.29,3561.09,4.8,4.8,272.74,30.8671,,-7.7,-7.0,75.2,HIGH,5,13,1,377.15,348.1,29.05,BEAT_LIKE,NEUTRAL,377.15,475.82,557.31,686.26,1304.21
HCLTECH,2024-04-26,IT_Services,0.1966,391.36,-344.7,2054.38,-75.87,-75.87,403.38,17.684,,-8.45,-2.1,75.2,HIGH,5,34,2,-201.44,77.01,-278.45,MISS_LIKE,CAUTION,-201.44,-914.47,-1037.8,-1132.07,-847.75
HDFCBANK,2022-01-17,Banks,1.2307,-89.79,489.46,160.78,135.15,135.15,344.23,22.4178,,17.7,-0.8,21.2,LOW,9,10,1,-153.06,3.25,-156.31,MISS_LIKE,CAUTION,-153.06,-172.8,-152.41,-384.75,-177.0
HDFCBANK,2022-07-18,Banks,-0.5558,-313.62,560.57,-982.42,-200.02,-200.02,262.79,16.9338,,44.06,1.1,21.2,LOW,9,10,3,-106.46,294.7,-401.16,MISS_LIKE,NEUTRAL,-106.46,22.03,223.56,529.71,1085.5
HDFCBANK,2022-10-17,Banks,-0.0286,169.61,-537.25,-62.93,7.36,7.36,274.66,25.922,,-2.18,-0.6,21.2,LOW,9,10,4,52.47,246.99,-194.52,MISS_LIKE,EUPHORIA,52.47,136.55,-2.78,400.97,1347.46
HDFCBANK,2023-01-16,Banks,-0.0526,19.72,-237.86,1847.45,-153.59,-153.59,213.98,14.8587,,-108.91,-4.3,21.2,LOW,9,10,1,-95.9,70.29,-166.19,MISS_LIKE,NEUTRAL,-95.9,228.97,376.72,84.34,456.38
HDFCBANK,2023-04-17,Banks,1.692,156.63,789.9,2083.32,242.91,242.91,451.31,15.5653,,-20.16,1.0,21.2,LOW,9,10,2,-152.44,242.04,-394.48,MISS_LIKE,NEUTRAL,-152.44,-158.06,-105.47,-28.66,-155.15
HDFCBANK,2023-07-17,Banks,1.0564,-72.14,394.74,606.13,83.42,83.42,389.63,18.0246,,-54.29,-6.0,21.2,LOW,9,10,3,209.18,152.03,57.16,BEAT_LIKE,NEUTRAL,209.18,246.88,190.03,-6.08,-204.32
HDFCBANK,2023-10-16,Banks,-0.6506,128.61,-657.89,-821.82,142.15,142.15,269.89,19.8725,,0.24,-6.6,21.2,LOW,9,10,4,-40.05,34.58,-74.62,MISS_LIKE,NEUTRAL,-40.05,-104.18,-84.32,-329.81,-204.14
HDFCBANK,2024-01-16,Banks,-0.5734,135.11,98.1,193.17,299.12,299.12,282.21,14.4312,,-33.93,-4.1,21.2,LOW,9,9,1,37.96,33.13,4.83,BEAT_LIKE,NEUTRAL,37.96,-1115.8,-1467.3,-1256.88,-1546.81
HDFCBANK,2024-04-22,Banks,-0.6942,81.31,589.54,-119.69,-338.98,-338.98,151.49,19.6816,,-21.48,4.6,21.2,LOW,9,3,2,-124.73,238.64,-363.37,MISS_LIKE,NEUTRAL,-124.73,-128.0,-140.4,-56.49,-340.72
ICICIBANK,2022-01-24,Banks,-0.3342,-180.64,1064.5,1924.27,-327.37,-327.37,200.46,18.1809,,20.79,-1.6,0.0,LOW,8,3,1,-75.2,-208.82,133.61,BEAT_LIKE,CAUTION,-75.2,-122.44,-195.15,-224.98,-661.28
ICICIBANK,2022-04-25,Banks,0.1413,-133.94,408.6,24.13,-149.22,-149.22,132.72,17.6718,,25.04,1.4,0.0,LOW,8,3,2,60.86,-91.51,152.37,BEAT_LIKE,RISK-ON,60.86,-146.46,-58.18,-498.9,-528.32
ICICIBANK,2022-07-25,Banks,-0.523,363.34,1213.82,-125.89,501.88,501.88,292.05,19.5547,,-21.25,-2.3,0.0,LOW,8,3,3,10.62,-63.99,74.61,BEAT_LIKE,RISK-ON,10.62,5.62,231.86,476.84,981.07
ICICIBANK,2022-10-24,Banks,-0.5962,247.97,41.51,2206.16,396.32,396.32,566.83,24.7847,,42.95,10.4,0.0,LOW,8,3,4,211.1,34.18,176.92,BEAT_LIKE,NEUTRAL,211.1,190.16,17.09,114.09,223.78
ICICIBANK,2023-01-23,Banks,-0.5446,58.94,-97.28,1139.6,-196.31,-196.31,250.58,17.3471,,-82.24,2.0,0.0,LOW,8,3,1,15.51,14.37,1.14,BEAT_LIKE,NEUTRAL,15.51,-172.92,-538.29,-191.3,-185.56
ICICIBANK,2023-04-24,Banks,0.9805,-173.64,588.2,-125.43,-18.81,-18.81,274.72,16.4844,,6.1,-6.2,0.0,LOW,8,3,2,215.66,148.74,66.92,BEAT_LIKE,NEUTRAL,215.66,330.83,361.32,589.96,764.98
ICICIBANK,2023-07-24,Banks,0.5267,292.14,769.65,1524.01,149.5,149.5,256.52,11.9585,,-7.31,1.3,0.0,LOW,8,3,3,-50.15,-40.05,-10.1,MISS_LIKE,RISK-ON,-50.15,-5.52,-8.02,-265.8,-372.76
ICICIBANK,2023-10-23,Banks,-1.2558,-196.03,-276.76,618.5,-178.38,-178.38,228.81,15.3189,,-4.21,3.2,0.0,LOW,8,3,4,-30.02,-331.57,301.55,BEAT_LIKE,NEUTRAL,-30.02,-258.38,-84.16,136.16,-107.21
ICICIBANK,2024-01-23,Banks,1.3138,-105.46,-51.77,349.01,-231.79,-231.79,433.62,16.2155,,32.22,3.6,0.0,LOW,8,2,1,298.74,-264.93,563.67,BEAT_LIKE,NEUTRAL,298.74,107.59,177.14,272.22,527.92
ICICIBANK,2024-04-29,Banks,-0.4972,195.55,223.31,1839.7,155.1,155.1,383.39,17.3174,,4.2,0.7,0.0,LOW,8,31,2,471.61,192.59,279.02,BEAT_LIKE,CAUTION,471.61,284.77,346.6,181.42,-53.25
IDFCFIRSTB,2021-11-01,Banks,1.0407,30.4,388.25,-950.64,-420.21,-420.21,432.07,41.2298,,-11.6,3.8,47.0,MEDIUM,10,24,4,212.12,121.5,90.63,BEAT_LIKE,NEUTRAL,212.12,212.12,373.74,343.43,-646.47
IDFCFIRSTB,2022-01-31,Banks,0.5519,-21.41,-189.47,-1029.84,411.68,411.68,449.22,29.8398,,85.59,14.8,47.0,MEDIUM,10,24,1,32.19,106.96,-74.77,MISS_LIKE,NEUTRAL,32.19,579.4,278.97,-32.19,-965.67
IDFCFIRSTB,2022-05-02,Banks,-0.6594,50.89,167.31,-2454.63,21.81,21.81,246.7,33.7089,,-27.69,9.6,47.0,MEDIUM,10,24,2,-164.56,-23.96,-140.59,MISS_LIKE,NEUTRAL,-164.56,-75.95,-392.41,-936.71,-810.13
IDFCFIRSTB,2022-08-01,Banks,-0.4652,445.06,1643.41,-1942.06,104.18,104.18,246.63,30.9791,,-46.1,-7.1,47.0,MEDIUM,10,24,3,1171.77,162.57,1009.2,BEAT_LIKE,NEUTRAL,1171.77,1491.34,1557.92,2010.65,3089.21
IDFCFIRSTB,2022-10-24,Banks,0.0633,278.03,1312.93,4307.12,394.65,394.65,567.22,42.1093,,42.95,10.4,47.0,MEDIUM,10,3,4,0.0,45.91,-45.91,MISS_LIKE,NEUTRAL,0.0,-87.26,-209.42,0.0,-52.36
IDFCFIRSTB,2023-01-23,Banks,-0.8605,-198.18,1198.11,6601.4,-182.03,-182.03,257.31,39.3858,,-82.24,2.0,47.0,MEDIUM,10,3,1,-8.42,15.7,-24.13,MISS_LIKE,NEUTRAL,-8.42,-412.81,-497.05,67.4,-800.34
IDFCFIRSTB,2023-05-02,Banks,1.3767,549.36,1583.41,876.11,305.66,305.66,244.39,24.2829,,-26.23,0.5,47.0,MEDIUM,10,23,2,390.56,50.63,339.94,BEAT_LIKE,RISK-ON,390.56,382.42,447.52,862.49,1659.89
IDFCFIRSTB,2023-07-31,Banks,0.0293,29.87,573.05,4277.21,32.99,32.99,233.83,31.2533,,55.99,9.0,47.0,MEDIUM,10,31,3,387.13,22.6,364.54,BEAT_LIKE,CAUTION,387.13,375.22,416.92,500.3,756.4
IDFCFIRSTB,2023-10-30,Banks,-0.0871,-320.59,-1178.88,4474.35,-233.96,-233.96,279.58,24.3469,,13.5,-1.4,47.0,MEDIUM,10,31,4,-331.2,-5.81,-325.39,MISS_LIKE,NEUTRAL,-331.2,-575.25,-377.69,-81.35,-133.64
IDFCFIRSTB,2024-01-23,Banks,1.2007,-121.04,-299.94,476.77,-230.93,-230.93,433.86,22.9678,,32.22,3.6,47.0,MEDIUM,10,2,1,-455.07,-223.05,-232.03,MISS_LIKE,NEUTRAL,-455.07,-659.28,-350.06,-315.05,-554.26
IDFCFIRSTB,2024-04-29,Banks,-0.2811,192.31,913.77,-660.79,155.28,155.28,383.41,24.7414,,4.2,0.7,47.0,MEDIUM,10,31,2,-371.46,239.43,-610.89,MISS_LIKE,CAUTION,-371.46,-383.26,-560.14,-902.12,-902.12
INDIANB,2022-02-07,Banks,4.0825,749.84,1771.49,2445.51,188.48,188.48,248.5,50.7658,,11.95,19.5,84.7,HIGH,3,17,1,-563.97,-54.02,-509.94,MISS_LIKE,NEUTRAL,-563.97,-762.84,-908.28,-973.58,-1406.95
INDIANB,2022-05-11,Banks,-0.5474,-412.64,-1237.48,-1397.17,-394.01,-394.01,278.71,26.8698,,123.53,-7.7,84.7,HIGH,3,15,2,-299.26,-46.1,-253.16,MISS_LIKE,NEUTRAL,-299.26,-211.84,366.51,712.85,934.77
INDIANB,2022-08-01,Banks,-0.5237,36.96,1802.07,2257.08,126.85,126.85,257.91,29.6094,,-46.1,-7.1,84.7,HIGH,3,24,3,59.49,224.36,-164.87,MISS_LIKE,NEUTRAL,59.49,82.15,-110.48,249.29,1005.67
INDIANB,2022-11-03,Banks,0.6857,314.08,2917.11,6442.07,-133.55,-133.55,473.65,45.0037,,42.05,-0.8,84.7,HIGH,3,21,4,286.12,168.36,117.76,BEAT_LIKE,NEUTRAL,286.12,623.34,911.51,1101.58,1540.98
INDIANB,2023-01-25,Banks,-0.9221,340.34,55.45,6499.86,-134.86,-134.86,324.64,26.2783,,18.91,2.1,84.7,HIGH,3,1,1,68.93,-276.45,345.37,BEAT_LIKE,NEUTRAL,68.93,230.91,89.61,-91.33,-404.96
INDIANB,2023-05-08,Banks,-0.0209,294.66,1438.91,3286.63,-106.28,-106.28,312.23,38.4275,,-2.45,-10.2,84.7,HIGH,3,17,2,-500.15,63.24,-563.39,MISS_LIKE,CAUTION,-500.15,-1358.84,-1262.43,-1376.92,-1596.87
INDIANB,2023-07-27,Banks,-0.0739,-9.13,1788.15,1798.67,48.92,48.92,329.98,26.1724,,-15.23,1.3,84.7,HIGH,3,0,3,6.09,-42.03,48.12,BEAT_LIKE,CAUTION,6.09,566.55,470.61,1666.16,2040.82
INDIANB,2023-10-26,Banks,-0.432,-180.12,-510.56,3295.77,-468.88,-468.88,333.28,40.0347,,-18.61,-1.0,84.7,HIGH,3,0,4,-204.21,-119.72,-84.48,MISS_LIKE,NEUTRAL,-204.21,66.03,540.47,374.17,-17.12
INDIANB,2024-01-24,Banks,-0.1204,109.02,798.16,3545.34,-517.85,-517.85,496.89,17.0702,,7.94,2.8,84.7,HIGH,3,1,1,-78.63,103.42,-182.05,MISS_LIKE,NEUTRAL,-78.63,795.33,1207.59,2196.13,1849.02
INDUSINDBK,2022-01-31,Banks,-0.1822,578.97,204.99,-847.18,378.33,378.33,457.77,26.9602,,85.59,14.8,22.5,LOW,5,24,1,-348.07,128.09,-476.16,MISS_LIKE,NEUTRAL,-348.07,794.64,581.04,872.67,189.81
INDUSINDBK,2022-04-29,Banks,-0.9522,296.92,637.14,-1442.12,46.48,46.48,193.17,25.6992,,25.5,-1.2,22.5,LOW,5,27,2,-99.16,-120.33,21.18,BEAT_LIKE,NEUTRAL,-99.16,-101.68,-738.1,-1173.67,-527.65
INDUSINDBK,2022-07-20,Banks,0.8881,598.87,866.87,-569.26,334.33,334.33,287.67,32.9362,,23.22,9.7,22.5,LOW,5,8,3,129.02,-1.93,130.95,BEAT_LIKE,NEUTRAL,129.02,856.47,1077.06,2294.09,2347.31
INDUSINDBK,2022-10-19,Banks,-0.3776,287.62,-20.4,2794.25,441.89,441.89,305.15,38.7493,,14.85,-0.9,22.5,LOW,5,8,4,-39.65,8.47,-48.12,MISS_LIKE,NEUTRAL,-39.65,-662.17,-701.41,-695.28,-773.35
INDUSINDBK,2023-01-18,Banks,-0.4664,140.94,13.84,4573.37,-29.91,-29.91,214.84,28.6636,,-0.86,4.2,22.5,LOW,5,8,1,-59.74,-45.54,-14.2,MISS_LIKE,NEUTRAL,-59.74,-226.76,-146.71,-1532.08,-666.48
INDUSINDBK,2023-04-24,Banks,-0.2302,-71.15,1137.88,-873.9,-24.51,-24.51,276.8,23.7511,,6.1,-6.2,22.5,LOW,5,3,2,-128.54,167.86,-296.4,MISS_LIKE,NEUTRAL,-128.54,192.14,326.51,89.58,1288.57
INDUSINDBK,2023-07-18,Banks,0.3489,69.16,582.19,1586.68,204.72,204.72,411.62,21.6201,,-41.87,-2.1,22.5,LOW,5,9,3,-1.8,-56.97,55.17,BEAT_LIKE,NEUTRAL,-1.8,249.19,325.06,195.97,-70.48
INDUSINDBK,2023-07-20,Banks,1.1668,314.25,933.07,1626.08,309.31,309.31,256.45,21.7515,,0.61,0.1,22.5,LOW,5,7,3,39.45,101.38,-61.93,MISS_LIKE,RISK-ON,39.45,113.77,57.41,-269.8,-337.08
INDUSINDBK,2023-10-18,Banks,-0.2756,104.14,-96.55,2658.07,-24.33,-24.33,128.45,23.2493,,10.22,2.1,22.5,LOW,5,8,4,-108.98,-126.39,17.4,BEAT_LIKE,NEUTRAL,-108.98,230.5,-162.26,-23.68,434.89
INDUSINDBK,2024-01-18,Banks,-0.1253,-84.14,493.76,1822.37,-54.72,-54.72,384.34,18.2656,,14.33,-0.2,22.5,LOW,5,7,1,-188.58,-10.14,-178.43,MISS_LIKE,NEUTRAL,-188.58,-1230.0,-802.36,-670.05,-975.12
INDUSINDBK,2024-04-25,Banks,-0.3293,1.7,-63.67,269.15,283.97,283.97,216.73,20.2367,,-25.75,0.6,22.5,LOW,5,0,2,145.46,133.16,12.3,BEAT_LIKE,NEUTRAL,145.46,85.44,207.17,-496.39,-64.76
INFY,2022-01-12,IT_Services,0.1544,59.36,590.42,2094.49,6.2,6.2,607.95,20.6702,,-62.93,6.2,17.5,LOW,7,15,1,117.75,43.38,74.37,BEAT_LIKE,NEUTRAL,117.75,397.44,351.1,-719.17,-463.46
INFY,2022-04-13,IT_Services,-0.278,-472.43,-784.1,395.88,-458.46,-458.46,330.59,25.8391,,17.68,27.2,17.5,LOW,7,15,2,35.01,-18.12,53.13,BEAT_LIKE,NEUTRAL,35.01,-1035.61,-709.63,-917.39,-1453.99
INFY,2022-07-25,IT_Services,-0.6597,110.08,452.43,-1652.94,404.05,404.05,322.7,25.5262,,-21.25,-2.3,17.5,LOW,7,3,3,-17.93,-79.52,61.6,BEAT_LIKE,RISK-ON,-17.93,-234.02,288.12,732.59,207.13
INFY,2022-10-13,IT_Services,0.2232,-181.77,-752.45,-1826.83,-180.97,-180.97,214.67,29.3424,,10.84,-1.9,17.5,LOW,7,14,4,-61.6,-100.76,39.16,BEAT_LIKE,RISK-ON,-61.6,428.71,397.21,783.26,1217.37
INFY,2023-01-12,IT_Services,1.2417,-26.78,-684.75,338.72,37.01,37.01,156.67,18.8667,,-115.44,-3.6,17.5,LOW,7,14,1,63.55,27.74,35.81,BEAT_LIKE,CAUTION,63.55,368.73,503.99,487.68,933.22
INFY,2023-04-13,IT_Services,0.0999,33.37,-293.91,-128.13,124.52,124.52,223.16,20.0066,,1.83,-6.0,17.5,LOW,7,14,2,-273.75,-129.45,-144.3,MISS_LIKE,NEUTRAL,-273.75,-1182.87,-1434.57,-1274.59,-1189.88
INFY,2023-07-20,IT_Services,2.2637,804.7,1316.17,-59.02,457.83,457.83,341.97,25.3852,,0.61,0.1,17.5,LOW,7,7,3,-172.55,-14.25,-158.3,MISS_LIKE,RISK-ON,-172.55,-938.0,-854.94,-800.71,-584.09
INFY,2023-10-12,IT_Services,-0.1979,211.49,121.57,770.44,151.23,151.23,213.08,14.9756,,-5.41,9.3,17.5,LOW,7,14,4,-193.39,-53.96,-139.43,MISS_LIKE,NEUTRAL,-193.39,-403.17,-360.34,-785.29,-721.58
INFY,2024-01-11,IT_Services,0.0852,47.6,297.08,1583.14,159.81,159.81,297.78,29.2698,,-26.43,-4.2,17.5,LOW,7,14,1,-169.09,13.2,-182.29,MISS_LIKE,NEUTRAL,-169.09,869.79,791.5,981.64,1054.02
INFY,2024-04-18,IT_Services,0.9983,-537.85,-1444.69,-417.3,-456.81,-456.81,214.02,23.1791,,56.74,3.9,17.5,LOW,7,7,2,33.94,-65.85,99.78,BEAT_LIKE,NEUTRAL,33.94,129.38,115.24,0.0,211.04
KOTAKBANK,2022-01-28,Banks,-0.275,-17.7,708.82,1435.93,206.01,206.01,315.33,26.3968,,99.59,13.8,71.4,HIGH,8,27,1,47.9,-32.29,80.2,BEAT_LIKE,NEUTRAL,47.9,-36.79,104.8,-116.71,-172.29
KOTAKBANK,2022-05-04,Banks,-0.346,181.62,116.89,-1544.67,-213.1,-213.1,241.49,23.9905,,-25.43,6.6,71.4,HIGH,8,22,2,7.04,-245.89,252.93,BEAT_LIKE,NEUTRAL,7.04,5.35,128.5,371.68,511.45
KOTAKBANK,2022-07-25,Banks,-0.1095,-100.51,757.77,-346.08,527.65,527.65,256.0,21.2788,,-21.25,-2.3,71.4,HIGH,8,3,3,-172.68,-53.81,-118.87,MISS_LIKE,RISK-ON,-172.68,-399.54,-91.68,37.22,227.82
KOTAKBANK,2022-10-24,Banks,-0.6585,239.48,52.31,1018.93,396.8,396.8,566.7,23.5363,,42.95,10.4,71.4,HIGH,8,3,4,-36.0,47.91,-83.91,MISS_LIKE,NEUTRAL,-36.0,-197.88,-3.68,-105.38,266.47
KOTAKBANK,2023-01-23,Banks,0.2848,-122.7,-324.1,-203.21,-186.22,-186.22,256.92,12.5129,,-82.24,2.0,71.4,HIGH,8,3,1,118.27,8.66,109.61,BEAT_LIKE,NEUTRAL,118.27,-74.31,-207.9,-90.19,-185.49
KOTAKBANK,2023-05-02,Banks,-0.0735,215.05,1365.53,495.23,324.24,324.24,249.45,18.7336,,-26.23,0.5,71.4,HIGH,8,23,2,-87.2,77.17,-164.37,MISS_LIKE,RISK-ON,-87.2,49.28,107.32,180.34,189.11
KOTAKBANK,2023-07-24,Banks,-0.0496,385.6,730.35,959.86,144.31,144.31,252.6,13.4916,,-7.31,1.3,71.4,HIGH,8,3,3,-370.27,-22.27,-348.0,MISS_LIKE,RISK-ON,-370.27,-380.16,-473.81,-660.78,-1043.79
KOTAKBANK,2023-10-23,Banks,-0.718,113.44,79.17,-647.39,-195.57,-195.57,217.58,18.1995,,-4.21,3.2,71.4,HIGH,8,3,4,-163.03,-324.18,161.15,BEAT_LIKE,NEUTRAL,-163.03,-422.41,-294.42,-166.14,-135.34
KOTAKBANK,2024-01-23,Banks,1.3178,-470.97,-477.14,-738.74,-211.49,-211.49,430.49,19.2978,,32.22,3.6,71.4,HIGH,8,2,1,114.49,-254.69,369.18,BEAT_LIKE,NEUTRAL,114.49,23.24,336.11,128.66,-103.16
KPITTECH,2021-11-01,IT_Services,-0.5219,70.14,-967.08,5717.68,-35.02,-35.02,248.36,40.9893,,-11.6,3.8,60.5,HIGH,3,24,4,27.53,215.54,-188.01,MISS_LIKE,NEUTRAL,27.53,1167.8,1491.74,3702.62,6410.75
KPITTECH,2021-11-01,IT_Services,-0.5219,70.14,-967.08,5717.68,-35.02,-35.02,248.36,40.9893,,-11.6,3.8,60.5,HIGH,3,24,4,27.53,215.54,-188.01,MISS_LIKE,NEUTRAL,27.53,1167.8,1491.74,3702.62,6410.75
KPITTECH,2022-01-31,IT_Services,0.2596,-507.01,698.57,12204.61,-759.74,-759.74,581.68,67.8002,,85.59,14.8,60.5,HIGH,3,24,1,107.13,357.42,-250.29,MISS_LIKE,NEUTRAL,107.13,-152.49,-248.67,-938.48,-1090.5
KPITTECH,2022-04-26,IT_Services,-1.1067,-398.28,-1294.93,5554.54,-153.94,-153.94,447.39,37.132,,39.57,-10.8,60.5,HIGH,3,2,2,-56.26,61.99,-118.24,MISS_LIKE,NEUTRAL,-56.26,942.12,249.83,-284.16,-1293.98
KPITTECH,2022-07-25,IT_Services,0.1856,601.91,755.74,-2195.52,376.73,376.73,325.6,29.6553,,-21.25,-2.3,60.5,HIGH,3,3,3,-59.02,-77.24,18.22,BEAT_LIKE,RISK-ON,-59.02,-121.79,267.0,41.22,672.92
KPITTECH,2022-10-18,IT_Services,-0.1744,448.46,1775.49,2364.55,-35.1,-35.1,420.84,48.4463,,-10.33,-1.9,60.5,HIGH,3,9,4,-211.27,65.98,-277.25,MISS_LIKE,RISK-ON,-211.27,-320.24,568.57,635.29,315.79
KPITTECH,2023-01-31,IT_Services,-0.4015,164.8,71.71,3277.82,-91.34,-91.34,238.56,23.8206,,5.15,4.9,60.5,HIGH,3,23,1,755.68,43.21,712.47,BEAT_LIKE,NEUTRAL,755.68,1102.5,944.59,1585.48,1717.53
KPITTECH,2023-04-26,IT_Services,-0.6679,-15.82,-478.32,3072.66,168.29,168.29,274.73,54.4517,,-35.25,-11.7,60.5,HIGH,3,1,2,627.94,19.05,608.89,BEAT_LIKE,NEUTRAL,627.94,760.56,826.29,519.37,1975.35
KPITTECH,2023-07-25,IT_Services,0.66,-96.52,-98.84,5285.57,-187.76,-187.76,377.01,36.5077,,-32.9,1.3,60.5,HIGH,3,2,3,-1.89,-83.75,81.86,BEAT_LIKE,RISK-ON,-1.89,265.42,245.55,891.37,1166.61
KPITTECH,2023-10-30,IT_Services,-0.3054,-559.65,1.77,2300.85,-209.93,-209.93,276.12,34.2924,,13.5,-1.4,60.5,HIGH,3,31,4,504.21,0.06,504.15,BEAT_LIKE,NEUTRAL,504.21,756.31,1001.33,2132.92,3226.41
KPITTECH,2024-01-30,IT_Services,0.4909,-908.71,-655.75,3348.69,-142.24,-142.24,411.41,27.9178,,4.83,-1.3,60.5,HIGH,3,30,1,356.04,-41.0,397.04,BEAT_LIKE,NEUTRAL,356.04,835.02,1330.35,2152.93,1241.81
KPITTECH,2024-04-29,IT_Services,-0.2713,274.18,-84.36,1689.19,20.38,20.38,323.98,26.4903,,4.2,0.7,60.5,HIGH,3,31,2,649.87,-29.73,679.59,BEAT_LIKE,CAUTION,649.87,675.99,685.87,183.21,419.36
MPHASIS,2022-01-20,IT_Services,-0.1433,-658.37,-255.43,3328.25,-396.15,-396.15,477.11,27.3394,,65.21,3.7,96.2,HIGH,2,7,1,-120.46,-119.07,-1.39,MISS_LIKE,NEUTRAL,-120.46,-456.25,-499.47,-241.24,-214.68
MPHASIS,2022-04-28,IT_Services,-0.4152,-355.25,-1619.01,-1267.28,-197.57,-197.57,504.69,29.7451,,48.53,-6.1,96.2,HIGH,2,0,2,1.25,102.51,-101.25,MISS_LIKE,RISK-ON,1.25,-205.88,-373.7,-1018.87,-1120.74
MPHASIS,2022-07-21,IT_Services,0.8845,687.52,73.68,-2803.68,538.56,538.56,466.05,30.0493,,11.26,6.5,96.2,HIGH,2,7,3,14.63,81.14,-66.51,MISS_LIKE,RISK-ON,14.63,292.51,-170.19,282.09,398.65
MPHASIS,2022-10-20,IT_Services,-1.1272,109.51,176.57,-2536.84,-2.18,-2.18,402.6,24.6171,,100.8,2.9,96.2,HIGH,2,7,4,179.91,68.04,111.87,BEAT_LIKE,NEUTRAL,179.91,-338.71,-661.31,-567.68,-872.5
MPHASIS,2023-01-19,IT_Services,-0.6403,162.08,447.6,-464.65,58.19,58.19,304.94,20.7467,,41.3,3.9,96.2,HIGH,2,7,1,99.17,23.36,75.8,BEAT_LIKE,NEUTRAL,99.17,57.4,112.11,238.15,925.72
MPHASIS,2023-07-20,IT_Services,4.5524,1288.11,1822.52,946.83,430.98,430.98,290.88,29.3836,,0.61,0.1,96.2,HIGH,2,7,3,203.24,-35.13,238.37,BEAT_LIKE,RISK-ON,203.24,473.78,390.13,176.05,558.81
MPHASIS,2023-10-19,IT_Services,-0.0957,-817.03,-921.1,2979.7,-59.36,-59.36,276.88,23.7557,,0.6,5.1,96.2,HIGH,2,7,4,24.39,19.6,4.79,BEAT_LIKE,NEUTRAL,24.39,-594.4,-664.46,-299.31,417.92
MPHASIS,2024-02-01,IT_Services,-0.0004,127.64,-505.51,1392.18,-2.67,-2.67,305.77,31.5704,,-4.21,-3.7,96.2,HIGH,2,28,1,6.35,-64.83,71.18,BEAT_LIKE,NEUTRAL,6.35,-376.56,-29.06,-148.74,72.54
MPHASIS,2024-04-25,IT_Services,-0.2863,-397.83,-793.44,-206.26,-99.7,-99.7,372.3,26.3254,,-25.75,0.6,96.2,HIGH,2,0,2,-63.29,10.27,-73.57,MISS_LIKE,NEUTRAL,-63.29,433.92,338.31,26.07,880.99
NAUKRI,2021-11-15,IT_Services,-0.4316,406.84,-586.84,4951.75,367.25,367.25,628.41,43.8124,,57.59,6.7,57.5,MEDIUM,4,10,4,-99.59,56.98,-156.56,MISS_LIKE,NEUTRAL,-99.59,216.19,-522.28,-875.05,-1624.05
NAUKRI,2022-01-28,IT_Services,2.6844,-1222.76,-1945.65,-1626.87,-1191.89,-1191.89,715.83,40.0807,,99.59,13.8,57.5,MEDIUM,4,27,1,27.19,240.52,-213.32,MISS_LIKE,NEUTRAL,27.19,1379.33,1368.52,1125.02,128.58
NAUKRI,2022-05-27,IT_Services,0.3844,171.35,-2077.27,-4044.65,-374.77,-374.77,305.41,51.1908,,-29.4,-6.5,57.5,MEDIUM,4,34,2,404.54,329.66,74.88,BEAT_LIKE,NEUTRAL,404.54,1731.7,1051.78,650.62,1042.06
NAUKRI,2022-08-12,IT_Services,-0.2649,337.13,1338.34,-1041.1,156.73,156.73,249.91,40.5039,,53.05,11.0,57.5,MEDIUM,4,13,3,71.91,16.3,55.6,BEAT_LIKE,NEUTRAL,71.91,182.21,131.37,90.43,-68.55
NAUKRI,2022-11-11,IT_Services,-0.9271,-296.56,136.7,406.55,-54.26,-54.26,208.54,29.743,,-253.63,-13.6,57.5,MEDIUM,4,13,4,747.15,371.53,375.62,BEAT_LIKE,CAUTION,747.15,890.01,242.19,148.9,550.83
NAUKRI,2023-02-10,IT_Services,-0.0819,457.61,461.76,-947.05,384.2,384.2,475.74,20.432,,37.27,6.7,57.5,MEDIUM,4,13,1,-27.72,32.96,-60.68,MISS_LIKE,NEUTRAL,-27.72,-801.3,-615.52,-838.17,-1043.04
NAUKRI,2023-05-26,IT_Services,0.4042,186.21,679.02,121.32,174.95,174.95,220.08,23.2484,,-19.69,0.3,57.5,MEDIUM,4,34,2,762.5,115.27,647.22,BEAT_LIKE,RISK-ON,762.5,422.78,816.08,565.46,1042.34
NAUKRI,2023-08-11,IT_Services,0.3225,-485.2,71.93,2671.59,78.33,78.33,275.93,34.4017,,-6.29,-3.9,57.5,MEDIUM,4,20,3,-406.06,13.47,-419.53,MISS_LIKE,NEUTRAL,-406.06,-700.7,-989.55,-952.34,-301.42
NAUKRI,2023-11-07,IT_Services,-0.5192,556.53,234.16,1097.98,328.96,328.96,422.21,20.2431,,-7.26,-4.6,57.5,MEDIUM,4,23,4,66.1,-1.82,67.93,BEAT_LIKE,NEUTRAL,66.1,597.35,466.65,1014.66,1169.46
NAUKRI,2024-02-13,IT_Services,-0.0182,58.72,416.79,1449.96,77.92,77.92,314.71,28.329,,-11.08,0.5,57.5,MEDIUM,4,16,1,-84.65,16.9,-101.54,MISS_LIKE,NEUTRAL,-84.65,-415.52,-90.49,-241.78,-519.75
OFSS,2022-01-19,IT_Services,-0.2722,-521.9,-123.85,-228.63,-194.52,-194.52,554.96,20.2498,,104.0,3.4,0.0,LOW,1,8,1,42.97,-213.84,256.81,BEAT_LIKE,NEUTRAL,42.97,-766.26,-1244.64,-594.87,-925.85
OFSS,2022-05-04,IT_Services,-0.7229,-119.71,-234.69,-2093.18,-220.57,-220.57,301.59,18.2681,,-25.43,6.6,0.0,LOW,1,22,2,-206.36,-165.47,-40.89,MISS_LIKE,NEUTRAL,-206.36,38.68,193.38,-139.93,-87.56
OFSS,2022-07-20,IT_Services,-0.4391,110.13,431.64,-1600.29,60.18,60.18,397.48,25.1057,,23.22,9.7,0.0,LOW,1,8,3,70.46,277.9,-207.44,MISS_LIKE,NEUTRAL,70.46,-8.04,-445.77,186.65,315.51
OFSS,2022-10-19,IT_Services,-0.2657,108.83,-167.2,-1253.36,-13.92,-13.92,477.75,19.951,,14.85,-0.9,0.0,LOW,1,8,4,21.36,-91.35,112.71,BEAT_LIKE,NEUTRAL,21.36,-109.86,-115.96,105.11,426.9
OFSS,2023-01-18,IT_Services,-0.1965,268.65,362.63,-236.26,69.61,69.61,362.67,9.2647,,-0.86,4.2,0.0,LOW,1,8,1,-50.63,18.24,-68.87,MISS_LIKE,NEUTRAL,-50.63,-280.63,-34.02,-334.77,290.69
OFSS,2023-04-26,IT_Services,0.6889,392.72,645.61,1708.88,145.59,145.59,272.12,14.2483,,-35.25,-11.7,0.0,LOW,1,1,2,140.97,46.1,94.88,BEAT_LIKE,NEUTRAL,140.97,417.66,666.12,875.08,1102.7
OFSS,2023-07-26,IT_Services,-0.6659,-285.31,44.02,3221.22,-291.38,-291.38,331.83,23.3103,,-24.37,2.8,0.0,LOW,1,1,3,-120.31,-0.83,-119.48,MISS_LIKE,NEUTRAL,-120.31,-65.94,67.11,277.3,442.49
OFSS,2023-10-18,IT_Services,-0.2621,20.66,-298.79,3457.23,-84.13,-84.13,289.62,18.8004,,10.22,2.1,0.0,LOW,1,8,4,-92.07,-81.8,-10.27,MISS_LIKE,NEUTRAL,-92.07,-584.34,-505.81,-610.12,22.78
OFSS,2024-01-17,IT_Services,2.8915,1335.33,1228.71,2216.58,322.65,322.65,290.93,48.9916,,7.35,-3.2,0.0,LOW,1,8,1,352.75,13.29,339.46,BEAT_LIKE,NEUTRAL,352.75,3998.05,3438.81,3114.76,6115.74
OFSS,2024-04-24,IT_Services,-0.1672,-651.09,-1085.99,7890.54,-108.57,-108.57,336.99,27.4215,,-43.99,-2.6,0.0,LOW,1,1,2,16.4,-42.43,58.83,BEAT_LIKE,NEUTRAL,16.4,195.8,342.87,730.53,589.63
PERSISTENT,2022-01-20,IT_Services,-0.2422,-555.74,-599.94,5209.49,-401.85,-401.85,479.59,26.968,,65.21,3.7,38.3,LOW,2,7,1,-48.16,-123.08,74.93,BEAT_LIKE,NEUTRAL,-48.16,-471.26,-423.52,226.05,-914.26
PERSISTENT,2022-04-27,IT_Services,-0.2073,178.51,-1323.9,528.61,-85.22,-85.22,487.2,32.4353,,53.89,-5.2,38.3,LOW,2,1,2,49.42,-42.9,92.32,BEAT_LIKE,RISK-ON,49.42,650.13,136.06,-541.79,-1507.55
PERSISTENT,2022-07-21,IT_Services,0.826,1079.22,958.54,-1853.15,516.8,516.8,449.14,48.1205,,11.26,6.5,38.3,LOW,2,7,3,137.86,74.29,63.56,BEAT_LIKE,RISK-ON,137.86,261.77,-373.3,589.83,507.46
PERSISTENT,2022-10-19,IT_Services,-0.3877,257.27,1665.82,-1131.19,-22.16,-22.16,474.26,34.1137,,14.85,-0.9,38.3,LOW,2,8,4,-74.12,-86.05,11.93,BEAT_LIKE,NEUTRAL,-74.12,-65.58,377.79,167.62,121.01
PERSISTENT,2023-01-18,IT_Services,0.0412,127.98,164.87,2233.36,77.42,77.42,365.35,28.1454,,-0.86,4.2,38.3,LOW,2,8,1,-43.0,17.81,-60.81,MISS_LIKE,NEUTRAL,-43.0,872.08,1537.96,1851.82,2498.0
PERSISTENT,2023-04-24,IT_Services,0.4687,230.23,-562.97,1728.67,-3.57,-3.57,254.06,30.3953,,6.1,-6.2,38.3,LOW,2,3,2,327.69,76.92,250.77,BEAT_LIKE,NEUTRAL,327.69,397.2,1013.4,866.94,1508.13
PERSISTENT,2023-04-25,IT_Services,0.0486,199.05,-76.51,2203.45,-19.33,-19.33,272.66,32.1751,,-17.66,-11.0,38.3,LOW,2,2,2,67.31,20.71,46.6,BEAT_LIKE,NEUTRAL,67.31,317.18,694.68,569.07,1180.47
PERSISTENT,2023-07-20,IT_Services,1.9985,795.36,389.55,2966.67,458.35,458.35,342.49,25.9416,,0.61,0.1,38.3,LOW,2,7,3,-184.78,-13.57,-171.21,MISS_LIKE,RISK-ON,-184.78,-709.91,-923.48,-820.64,-558.51
PERSISTENT,2023-10-18,IT_Services,-0.0107,-85.58,-425.77,3174.39,-78.23,-78.23,290.61,20.3919,,10.22,2.1,38.3,LOW,2,8,4,7.18,-87.32,94.49,BEAT_LIKE,NEUTRAL,7.18,342.55,327.23,874.27,1182.15
PERSISTENT,2024-01-23,IT_Services,-0.2155,259.49,981.7,5306.88,65.67,65.67,886.48,22.7048,,32.22,3.6,38.3,LOW,2,2,1,494.11,-249.72,743.83,BEAT_LIKE,NEUTRAL,494.11,652.19,685.55,1027.73,871.92
PERSISTENT,2024-04-22,IT_Services,-0.6242,-234.42,-501.2,3511.84,-503.56,-503.56,176.56,24.9932,,-21.48,4.6,38.3,LOW,2,3,2,-968.41,22.72,-991.13,MISS_LIKE,NEUTRAL,-968.41,-1076.79,-1254.28,-1258.78,-992.1
PERSISTENT,2024-04-22,IT_Services,-0.6242,-234.42,-501.2,3511.84,-503.56,-503.56,176.56,24.9932,,-21.48,4.6,38.3,LOW,2,3,2,-968.41,22.72,-991.13,MISS_LIKE,NEUTRAL,-968.41,-1076.79,-1254.28,-1258.78,-992.1
PNB,2022-01-27,Banks,-0.1828,-150.0,563.0,63.86,-159.41,-159.41,324.22,26.331,,44.67,6.4,55.5,MEDIUM,8,0,1,444.16,312.08,132.08,BEAT_LIKE,NEUTRAL,444.16,545.69,862.94,558.38,-1878.17
PNB,2022-05-11,Banks,-0.5962,-305.68,-1108.14,-2052.51,-399.95,-399.95,277.9,15.1312,,123.53,-7.7,55.5,MEDIUM,8,15,2,-60.06,-59.38,-0.68,MISS_LIKE,NEUTRAL,-60.06,-1201.2,-1006.01,-900.9,-645.65
PNB,2022-07-28,Banks,-0.2802,62.79,773.11,-1686.64,40.22,40.22,219.27,24.0192,,-1.88,-10.2,55.5,MEDIUM,8,0,3,187.21,98.69,88.52,BEAT_LIKE,NEUTRAL,187.21,421.22,608.43,421.22,998.44
PNB,2022-11-01,Banks,1.6006,377.13,2220.63,2418.15,205.99,205.99,604.76,36.1423,,2.24,-6.6,55.5,MEDIUM,8,23,4,-597.89,0.09,-597.98,MISS_LIKE,EUPHORIA,-597.89,-316.53,-187.58,304.81,2028.13
PNB,2023-01-30,Banks,-0.8212,-1079.89,-830.33,5850.23,-634.51,-634.51,409.7,36.2629,,65.57,4.0,55.5,MEDIUM,8,24,1,-19.69,36.42,-56.11,MISS_LIKE,CAUTION,-19.69,-98.42,196.85,88.58,-531.5
PNB,2023-05-19,Banks,-0.9471,-20.6,-20.6,1023.89,13.66,13.66,196.68,27.0154,,63.81,-1.2,55.5,MEDIUM,8,6,2,165.12,17.45,147.67,BEAT_LIKE,NEUTRAL,165.12,443.76,247.68,670.79,639.83
PNB,2023-07-26,Banks,0.9269,-537.8,2067.59,748.88,28.26,28.26,240.11,38.1124,,-24.37,2.8,55.5,MEDIUM,8,1,3,403.62,130.71,272.92,BEAT_LIKE,NEUTRAL,403.62,205.93,107.08,238.88,354.2
PNB,2023-10-26,Banks,-0.2909,-633.42,-1334.16,4135.99,-443.69,-443.69,337.0,38.2958,,-18.61,-1.0,55.5,MEDIUM,8,0,4,50.36,-133.86,184.22,BEAT_LIKE,NEUTRAL,50.36,525.18,489.21,906.48,928.06
PNB,2024-01-25,Banks,1.1833,514.4,1548.02,6325.88,-173.93,-173.93,392.06,32.3327,,-6.25,1.8,55.5,MEDIUM,8,0,1,225.05,-26.74,251.79,BEAT_LIKE,RISK-ON,225.05,689.82,1629.16,2162.43,2519.57
POLICYBZR,2022-05-27,IT_Services,0.6815,-231.3,282.64,-4865.97,-352.4,-352.4,328.94,91.1744,,-29.4,-6.5,58.2,MEDIUM,4,34,2,294.29,335.79,-41.5,MISS_LIKE,NEUTRAL,294.29,-85.9,-180.76,-1307.14,-965.79
POLICYBZR,2022-08-10,IT_Services,0.3172,-34.86,-16.12,-3751.61,272.73,272.73,270.83,58.5579,,125.57,15.2,58.2,MEDIUM,4,15,3,54.71,-106.06,160.77,BEAT_LIKE,NEUTRAL,54.71,281.64,257.42,-802.76,-791.1
POLICYBZR,2022-11-07,IT_Services,0.0298,-240.9,-2317.5,-3893.35,15.81,15.81,158.86,39.0081,,-96.4,2.4,58.2,MEDIUM,4,17,4,241.54,56.37,185.17,BEAT_LIKE,NEUTRAL,241.54,-75.65,302.59,923.69,2148.64
POLICYBZR,2023-02-10,IT_Services,-0.236,1924.29,910.84,-895.63,302.71,302.71,297.02,52.1731,,37.27,6.7,58.2,MEDIUM,4,13,1,305.7,14.44,291.26,BEAT_LIKE,NEUTRAL,305.7,-145.99,-201.84,220.46,1112.09
POLICYBZR,2023-05-22,IT_Services,-0.0806,506.38,760.42,6683.0,102.74,102.74,303.82,25.4303,,77.61,0.3,58.2,MEDIUM,4,3,2,-168.33,186.58,-354.91,MISS_LIKE,NEUTRAL,-168.33,-107.99,-393.04,-566.14,505.0
POLICYBZR,2023-08-07,IT_Services,-0.1192,675.96,1119.81,9406.14,332.99,332.99,413.99,49.7402,,54.78,2.1,58.2,MEDIUM,4,24,3,219.59,138.26,81.33,BEAT_LIKE,NEUTRAL,219.59,-463.51,-685.66,-765.04,-290.65
POLICYBZR,2023-11-06,IT_Services,0.1322,-60.17,-846.81,1762.59,234.96,234.96,283.57,28.2551,,-12.61,-5.2,58.2,MEDIUM,4,24,4,321.91,105.02,216.89,BEAT_LIKE,NEUTRAL,321.91,343.99,633.86,1814.69,2016.95
RBLBANK,2022-01-27,Banks,-0.1217,-454.09,-116.68,-2658.68,-142.52,-142.52,316.24,62.0001,,44.67,6.4,36.8,LOW,6,0,1,635.42,301.46,333.96,BEAT_LIKE,NEUTRAL,635.42,298.61,743.06,159.72,-1506.94
RBLBANK,2022-05-12,Banks,0.3535,-884.21,-1549.57,-4697.53,-380.76,-380.76,247.98,39.1149,,119.0,-18.8,36.8,LOW,6,14,2,-605.08,-436.43,-168.66,MISS_LIKE,NEUTRAL,-605.08,766.74,1048.5,-36.95,521.94
RBLBANK,2022-07-21,Banks,-0.1889,1125.3,689.65,-3870.64,440.82,440.82,209.82,53.8558,,11.26,6.5,36.8,LOW,6,7,3,382.72,183.41,199.32,BEAT_LIKE,RISK-ON,382.72,355.39,21.87,546.75,743.58
RBLBANK,2022-10-24,Banks,-0.3732,488.0,442.79,737.31,382.99,382.99,567.34,48.8675,,42.95,10.4,36.8,LOW,6,3,4,-446.53,70.71,-517.24,MISS_LIKE,NEUTRAL,-446.53,232.64,142.59,225.14,577.86
RBLBANK,2023-01-20,Banks,-0.674,-540.01,320.79,8294.15,-97.23,-97.23,227.52,47.6449,,-4.92,1.4,36.8,LOW,6,6,1,149.43,-11.63,161.06,BEAT_LIKE,NEUTRAL,149.43,-391.51,-995.22,-591.75,-511.06
RBLBANK,2023-05-02,Banks,-0.2993,679.87,1857.82,3069.47,298.41,298.41,234.94,32.0634,,-26.23,0.5,36.8,LOW,6,23,2,-444.99,97.05,-542.04,MISS_LIKE,RISK-ON,-444.99,-398.64,-574.78,-577.87,74.17
RBLBANK,2023-07-24,Banks,1.8244,-222.81,3273.44,2891.22,178.11,178.11,241.69,48.5098,,-7.31,1.3,36.8,LOW,6,3,3,18.05,-43.84,61.89,BEAT_LIKE,RISK-ON,18.05,794.22,564.08,-248.19,59.86
RBLBANK,2023-10-23,Banks,-0.7684,28.72,797.44,6666.79,-190.86,-190.86,223.23,32.7651,,-4.21,3.2,36.8,LOW,6,3,4,-568.74,-301.64,-267.1,MISS_LIKE,NEUTRAL,-568.74,-1147.71,-877.66,-570.79,-421.44
RBLBANK,2024-01-19,Banks,-0.3513,-761.73,72.79,2404.04,-161.03,-161.03,305.65,44.2984,,37.17,0.0,36.8,LOW,6,6,1,-170.47,35.98,-206.44,MISS_LIKE,NEUTRAL,-170.47,-372.43,-548.45,-164.91,-246.43
RBLBANK,2024-04-29,Banks,-0.0686,276.86,1053.73,803.99,150.58,150.58,382.4,24.4727,,4.2,0.7,36.8,LOW,6,31,2,-94.2,224.02,-318.22,MISS_LIKE,CAUTION,-94.2,62.17,-423.89,-770.54,-638.66
SBIN,2021-11-03,Banks,0.206,49.12,1264.17,4979.13,-96.86,-96.86,484.47,25.8726,,-49.82,2.4,86.0,HIGH,8,22,4,114.05,-178.98,293.03,BEAT_LIKE,RISK-ON,114.05,29.71,51.75,-451.41,-930.61
SBIN,2022-02-07,Banks,0.7368,-148.62,785.03,2001.81,238.39,238.39,265.43,26.8918,,11.95,19.5,86.0,HIGH,8,17,1,55.63,-88.44,144.07,BEAT_LIKE,NEUTRAL,55.63,93.34,-13.2,-282.86,-1697.15
SBIN,2022-05-13,Banks,-0.5796,-440.13,-1014.76,-1256.73,-684.37,-684.37,400.24,24.2391,,59.26,-20.7,86.0,HIGH,8,13,2,-389.06,147.26,-536.32,MISS_LIKE,NEUTRAL,-389.06,100.51,-327.46,293.26,138.5
SBIN,2022-08-08,Banks,0.6197,-50.59,869.92,170.43,87.43,87.43,299.44,18.544,,49.83,6.0,86.0,HIGH,8,17,3,-200.55,61.97,-262.52,MISS_LIKE,RISK-ON,-200.55,-118.63,-96.04,-172.3,256.1
SBIN,2022-11-07,Banks,0.443,351.17,1054.35,2464.5,109.94,109.94,364.25,23.6217,,-96.4,2.4,86.0,HIGH,8,17,4,340.1,194.83,145.27,BEAT_LIKE,NEUTRAL,340.1,198.67,-23.57,69.87,252.55
SBIN,2023-02-03,Banks,4.0924,-219.47,-1273.96,-258.26,48.56,48.56,329.29,32.1867,,64.9,-9.1,86.0,HIGH,8,20,1,304.87,139.36,165.51,BEAT_LIKE,RISK-ON,304.87,359.78,429.84,227.23,626.78
SBIN,2023-05-18,Banks,-0.1003,224.08,741.05,-105.48,71.67,71.67,221.72,16.6495,,37.15,-5.1,86.0,HIGH,8,7,2,-206.38,-51.21,-155.17,MISS_LIKE,NEUTRAL,-206.38,-156.06,-61.4,82.18,-149.95
SBIN,2023-08-04,Banks,-0.1899,-414.74,-33.76,875.79,-162.73,-162.73,255.49,18.7603,,61.03,3.3,86.0,HIGH,8,27,3,-291.28,75.22,-366.5,MISS_LIKE,NEUTRAL,-291.28,-294.66,-285.35,-297.2,-253.17
SBIN,2023-11-06,Banks,-0.6882,229.12,-236.43,223.5,185.18,185.18,162.75,18.1795,,-12.61,-5.2,86.0,HIGH,8,24,4,-65.73,23.55,-89.28,MISS_LIKE,NEUTRAL,-65.73,37.19,23.35,-249.07,524.08
SBIN,2024-02-05,Banks,1.053,428.61,96.36,474.85,357.14,357.14,575.34,23.3875,,-16.24,-12.1,86.0,HIGH,8,24,1,-103.13,-88.8,-14.33,MISS_LIKE,RISK-ON,-103.13,394.06,1163.7,1617.02,1884.09
TATAELXSI,2022-01-18,IT_Services,0.5639,773.48,1774.63,4870.14,24.97,24.97,542.42,34.1667,,59.27,6.6,50.6,MEDIUM,1,9,1,-34.07,-239.98,205.91,BEAT_LIKE,NEUTRAL,-34.07,1613.53,1004.36,1667.29,938.4
TATAELXSI,2022-04-20,IT_Services,-0.0701,-1168.62,351.73,2289.48,-755.56,-755.56,324.21,61.5597,,80.3,0.2,50.6,MEDIUM,1,8,2,148.9,-48.65,197.55,BEAT_LIKE,NEUTRAL,148.9,864.21,193.94,108.34,738.77
TATAELXSI,2022-07-14,IT_Services,-0.6333,-459.61,-549.35,3051.02,-114.53,-114.53,365.12,39.6266,,63.78,-1.7,50.6,MEDIUM,1,14,3,114.31,-219.85,334.16,BEAT_LIKE,NEUTRAL,114.31,509.18,521.82,998.52,3276.51
TATAELXSI,2022-10-14,IT_Services,-0.8549,-277.43,-675.12,-64.29,-249.41,-249.41,341.84,26.6964,,-77.32,-3.8,50.6,MEDIUM,1,13,4,183.69,82.32,101.37,BEAT_LIKE,RISK-ON,183.69,-1333.12,-1128.49,-1728.95,-1578.52
TATAELXSI,2023-01-25,IT_Services,0.3552,696.08,415.45,-2146.17,262.89,262.89,447.06,22.2923,,18.91,2.1,50.6,MEDIUM,1,1,1,-151.74,-182.09,30.35,BEAT_LIKE,NEUTRAL,-151.74,-180.18,-151.82,-1.49,-319.98
TATAELXSI,2023-05-18,IT_Services,0.4644,-137.81,1149.39,177.63,91.37,91.37,221.09,22.7818,,37.15,-5.1,50.6,MEDIUM,1,7,2,-145.86,-51.08,-94.78,MISS_LIKE,NEUTRAL,-145.86,-236.86,-93.95,454.14,968.29
TATAELXSI,2023-07-17,IT_Services,0.0196,325.22,6.17,2567.11,602.58,602.58,291.7,16.755,,-54.29,-6.0,50.6,MEDIUM,1,10,3,-14.55,56.22,-70.78,MISS_LIKE,NEUTRAL,-14.55,-222.29,-543.16,-656.73,-850.24
TATAELXSI,2023-10-17,IT_Services,0.1146,159.86,227.61,1980.87,-75.7,-75.7,279.12,9.9291,,0.66,-1.8,50.6,MEDIUM,1,9,4,-42.4,31.13,-73.53,MISS_LIKE,NEUTRAL,-42.4,303.6,-188.04,198.14,1313.49
TATAELXSI,2024-01-23,IT_Services,-0.1965,-469.62,-528.08,990.09,104.05,104.05,878.22,16.9184,,32.22,3.6,50.6,MEDIUM,1,2,1,-134.34,-216.65,82.31,BEAT_LIKE,NEUTRAL,-134.34,-770.59,-857.68,-704.8,-675.43
TATAELXSI,2024-04-23,IT_Services,-0.1533,-118.39,-260.87,-9.54,-320.08,-320.08,335.73,21.3637,,-16.94,1.7,50.6,MEDIUM,1,2,2,-55.74,8.59,-64.33,MISS_LIKE,NEUTRAL,-55.74,-460.89,-449.19,-401.79,-26.96
TCS,2022-01-12,IT_Services,-0.1369,142.32,806.06,2313.98,1.59,1.59,607.22,14.8341,,-62.93,6.2,72.4,HIGH,6,15,1,-143.01,57.87,-200.87,MISS_LIKE,NEUTRAL,-143.01,133.43,190.76,-355.92,-354.77
TCS,2022-04-11,IT_Services,-0.6593,-224.65,178.68,-497.55,-163.33,-163.33,252.91,17.1385,,67.46,22.1,72.4,HIGH,6,17,2,29.17,-85.51,114.68,BEAT_LIKE,NEUTRAL,29.17,-64.3,-579.95,-378.09,-751.56
TCS,2022-07-08,IT_Services,-0.3051,-82.2,-406.32,-1411.92,70.57,70.57,240.55,27.3794,,27.69,-7.0,72.4,HIGH,6,20,3,-68.13,68.27,-136.4,MISS_LIKE,NEUTRAL,-68.13,-617.88,-855.22,-310.73,261.82
TCS,2022-10-10,IT_Services,-0.2267,200.86,-330.48,-1761.91,306.42,306.42,301.22,23.8038,,160.82,6.2,72.4,HIGH,6,17,4,175.05,-16.8,191.85,BEAT_LIKE,NEUTRAL,175.05,116.97,111.75,263.04,520.32
TCS,2023-01-09,IT_Services,-0.2423,-153.0,-246.6,-180.94,-212.59,-212.59,271.87,19.2845,,-60.1,3.3,72.4,HIGH,6,17,1,337.53,175.21,162.32,BEAT_LIKE,CAUTION,337.53,364.78,507.54,709.92,1058.47
TCS,2023-04-12,IT_Services,0.2907,43.12,-368.76,751.93,155.43,155.43,288.67,16.8625,,-16.42,-9.1,72.4,HIGH,6,15,2,86.66,104.74,-18.08,MISS_LIKE,NEUTRAL,86.66,-231.19,-386.46,-48.7,188.25
TCS,2023-07-12,IT_Services,-0.4601,-143.23,153.49,182.94,-140.9,-140.9,206.37,15.6803,,-1.02,-1.0,72.4,HIGH,6,15,3,-38.2,-22.17,-16.03,MISS_LIKE,NEUTRAL,-38.2,740.28,685.89,414.34,608.43
TCS,2023-10-11,IT_Services,0.6604,257.65,543.31,1231.83,238.84,238.84,253.72,14.5992,,-7.87,11.3,72.4,HIGH,6,15,4,-52.36,48.3,-100.66,MISS_LIKE,NEUTRAL,-52.36,-159.97,-335.78,-633.88,-751.71
TCS,2024-01-11,IT_Services,-0.1038,126.13,111.52,1407.08,155.68,155.68,298.76,26.012,,-26.43,-4.2,72.4,HIGH,6,14,1,60.6,1.11,59.49,BEAT_LIKE,NEUTRAL,60.6,513.73,462.02,333.41,1175.2
TCS,2024-04-12,IT_Services,-0.1932,-46.59,-334.03,1207.58,-48.62,-48.62,375.46,22.4138,,3.75,2.2,72.4,HIGH,6,13,2,42.04,-117.7,159.74,BEAT_LIKE,NEUTRAL,42.04,-280.7,-397.65,-409.82,-209.43
TECHM,2022-02-01,IT_Services,2.0818,-225.69,-1739.97,2349.39,168.87,168.87,522.39,36.6624,,-11.54,3.2,33.6,LOW,4,23,1,180.86,162.69,18.18,BEAT_LIKE,NEUTRAL,180.86,-167.01,-234.62,-600.74,-572.35
TECHM,2022-05-13,IT_Services,1.761,-603.91,-1631.24,-2221.65,-662.5,-662.5,409.2,30.7601,,59.26,-20.7,33.6,LOW,4,13,2,-82.04,166.29,-248.33,MISS_LIKE,NEUTRAL,-82.04,-120.38,-861.23,-1106.53,-848.86
TECHM,2022-07-25,IT_Services,0.5673,506.84,793.82,-3646.35,382.01,382.01,328.42,25.5541,,-21.25,-2.3,33.6,LOW,4,3,3,-111.3,-74.33,-36.97,MISS_LIKE,RISK-ON,-111.3,-204.63,193.94,286.77,410.71
TECHM,2022-11-01,IT_Services,-0.8465,145.49,559.03,-1304.09,-23.35,-23.35,227.38,23.1494,,2.24,-6.6,33.6,LOW,4,23,4,70.53,135.98,-65.45,MISS_LIKE,EUPHORIA,70.53,-99.21,-93.1,207.79,303.94
TECHM,2023-01-30,IT_Services,-0.8906,-156.71,166.8,400.5,12.97,12.97,374.24,23.1558,,65.57,4.0,33.6,LOW,4,24,1,58.25,107.27,-49.02,MISS_LIKE,CAUTION,58.25,-61.64,-182.51,-123.78,814.0
TECHM,2023-04-27,IT_Services,-0.2799,-249.56,-938.2,-264.43,258.08,258.08,261.91,26.4527,,-46.26,-10.4,33.6,LOW,4,0,2,68.75,194.22,-125.47,MISS_LIKE,RISK-ON,68.75,573.62,493.32,479.27,1188.9
TECHM,2023-07-26,IT_Services,0.3802,-465.09,673.72,1267.55,-281.39,-281.39,329.14,27.0446,,-24.37,2.8,33.6,LOW,4,1,3,-115.0,-1.13,-113.87,MISS_LIKE,NEUTRAL,-115.0,-565.93,-112.41,422.83,368.35
TECHM,2023-10-25,IT_Services,-0.2628,-347.78,-1144.52,1790.54,-405.82,-405.82,285.19,21.5639,,-18.2,5.4,33.6,LOW,4,1,4,-119.38,-2.38,-117.0,MISS_LIKE,NEUTRAL,-119.38,-306.24,-197.24,47.04,588.3
TECHM,2024-01-24,IT_Services,0.7079,350.27,717.56,1314.01,-70.87,-70.87,868.57,27.4868,,7.94,2.8,33.6,LOW,4,1,1,302.2,136.31,165.89,BEAT_LIKE,NEUTRAL,302.2,-382.69,-241.47,-355.98,-282.08
TECHM,2024-04-25,IT_Services,-0.0482,51.29,-756.58,7.37,-123.34,-123.34,376.2,19.8358,,-25.75,0.6,33.6,LOW,4,0,2,38.8,4.9,33.9,BEAT_LIKE,NEUTRAL,38.8,865.31,684.83,703.38,1214.47
UNIONBANK,2021-11-02,Banks,0.3567,-331.61,2798.35,3720.59,-358.83,-358.83,542.85,73.3304,,-14.01,2.5,100.0,HIGH,8,23,4,568.06,243.44,324.62,BEAT_LIKE,RISK-ON,568.06,535.91,1586.28,42.87,-75.03
UNIONBANK,2022-02-07,Banks,1.2816,126.58,389.61,3296.4,223.1,223.1,279.01,48.0416,,11.95,19.5,100.0,HIGH,8,17,1,-83.33,-80.72,-2.61,MISS_LIKE,NEUTRAL,-83.33,-166.67,-354.17,-968.75,-1989.58
UNIONBANK,2022-05-13,Banks,-0.437,-546.22,-2232.45,-3755.78,-678.48,-678.48,403.01,24.723,,59.26,-20.7,100.0,HIGH,8,13,2,711.11,86.14,624.98,BEAT_LIKE,NEUTRAL,711.11,933.33,518.52,548.15,1022.22
UNIONBANK,2022-07-26,Banks,-0.1246,13.19,873.93,-812.31,222.38,222.38,313.23,20.8659,,-18.34,-4.3,100.0,HIGH,8,2,3,-210.8,-120.72,-90.09,MISS_LIKE,NEUTRAL,-210.8,52.7,197.63,223.98,1146.25
UNIONBANK,2022-10-20,Banks,-0.2068,731.71,-242.87,1908.83,547.86,547.86,277.27,38.8472,,100.8,2.9,100.0,HIGH,8,7,4,227.27,-10.05,237.32,BEAT_LIKE,NEUTRAL,227.27,573.59,1450.22,1666.67,6482.68
UNIONBANK,2023-01-20,Banks,-0.8262,361.9,715.69,11818.18,-147.33,-147.33,220.08,84.412,,-4.92,1.4,100.0,HIGH,8,6,1,-42.89,-0.94,-41.95,MISS_LIKE,NEUTRAL,-42.89,-116.42,-821.08,-943.63,-1372.55
UNIONBANK,2023-05-08,Banks,-0.1305,72.51,1276.75,4524.71,-93.93,-93.93,323.25,27.905,,-2.45,-10.2,100.0,HIGH,8,17,2,-327.22,53.63,-380.85,MISS_LIKE,CAUTION,-327.22,-785.34,-647.91,-922.77,-497.38
UNIONBANK,2023-07-20,Banks,0.7297,519.48,2004.24,800.0,297.91,297.91,251.37,24.305,,0.61,0.1,100.0,HIGH,8,7,3,217.52,91.49,126.03,BEAT_LIKE,RISK-ON,217.52,423.28,699.59,677.0,1485.22
UNIONBANK,2023-10-27,Banks,-0.3149,-756.1,-496.49,3076.13,-555.17,-555.17,296.97,47.9146,,17.5,-0.3,100.0,HIGH,8,34,4,543.54,256.69,286.84,BEAT_LIKE,NEUTRAL,543.54,722.95,1171.5,970.98,1419.52
UNIONBANK,2024-01-23,Banks,0.5877,134.23,1463.52,6516.84,-245.11,-245.11,425.79,26.2952,,32.22,3.6,100.0,HIGH,8,2,1,298.01,-264.89,562.9,BEAT_LIKE,NEUTRAL,298.01,327.45,375.28,665.93,676.97
WIPRO,2022-01-12,IT_Services,0.0589,-271.2,730.41,3200.53,24.56,24.56,604.28,24.455,,-62.93,6.2,83.7,HIGH,9,15,1,-40.34,52.16,-92.5,MISS_LIKE,NEUTRAL,-40.34,-782.97,-876.61,-1880.49,-1722.48
WIPRO,2022-04-29,IT_Services,-0.7969,-281.76,-1254.77,-2101.2,-131.48,-131.48,437.77,21.8074,,25.5,-1.2,83.7,HIGH,9,27,2,-263.13,-56.06,-207.08,MISS_LIKE,NEUTRAL,-263.13,-589.42,-716.68,-1031.48,-886.04
WIPRO,2022-07-20,IT_Services,0.0081,-25.82,-458.66,-3664.38,67.73,67.73,397.06,25.1722,,23.22,9.7,83.7,HIGH,9,8,3,159.01,272.98,-113.97,MISS_LIKE,NEUTRAL,159.01,128.19,-11.09,590.41,660.67
WIPRO,2022-10-12,IT_Services,0.0705,-27.13,-417.06,-3071.19,-41.12,-41.12,267.02,20.1758,,97.57,6.4,83.7,HIGH,9,15,4,87.79,47.89,39.9,BEAT_LIKE,NEUTRAL,87.79,-670.13,-620.67,-488.38,-116.22
WIPRO,2023-01-13,IT_Services,-0.3421,327.23,-17.71,-299.98,167.2,167.2,252.28,19.1432,,-141.6,-8.7,83.7,HIGH,9,13,1,-15.21,8.54,-23.75,MISS_LIKE,NEUTRAL,-15.21,46.9,225.6,114.84,179.64
WIPRO,2023-04-27,IT_Services,0.5358,322.45,361.0,-185.01,226.3,226.3,285.78,20.8176,,-46.26,-10.4,83.7,HIGH,9,0,2,-4.01,198.26,-202.27,MISS_LIKE,RISK-ON,-4.01,368.44,244.29,269.66,724.87
WIPRO,2023-07-13,IT_Services,-0.2598,-109.79,-93.54,283.12,-199.65,-199.65,228.97,15.3038,,-94.36,-2.9,83.7,HIGH,9,14,3,62.52,148.7,-86.18,MISS_LIKE,NEUTRAL,62.52,597.17,666.07,278.17,683.93
WIPRO,2023-10-18,IT_Services,-0.052,-231.51,-672.26,1182.39,-70.12,-70.12,288.25,19.8638,,10.22,2.1,83.7,HIGH,9,8,4,-96.01,-81.58,-14.43,MISS_LIKE,NEUTRAL,-96.01,-475.21,-718.28,-740.16,-388.92
WIPRO,2024-01-12,IT_Services,-0.1404,-183.97,680.33,1432.22,33.58,33.58,280.06,32.6542,,-7.7,-7.0,83.7,HIGH,9,13,1,384.87,347.7,37.18,BEAT_LIKE,NEUTRAL,384.87,821.06,768.63,575.83,1438.89
WIPRO,2024-04-19,IT_Services,-0.0727,-690.34,-1405.22,573.38,-535.08,-535.08,187.57,21.3156,,17.23,6.4,83.7,HIGH,9,6,2,189.04,-67.21,256.25,BEAT_LIKE,NEUTRAL,189.04,399.46,374.7,292.56,372.45
YESBANK,2022-01-24,Banks,-0.612,-248.23,377.36,536.4,-323.62,-323.62,202.53,27.7351,,20.79,-1.6,12.9,LOW,10,3,1,-218.18,-200.87,-17.31,MISS_LIKE,CAUTION,-218.18,-145.45,-327.27,145.45,-109.09
YESBANK,2022-05-02,Banks,-0.4699,-72.73,1142.86,459.77,28.68,28.68,245.69,56.811,,-27.69,9.6,12.9,LOW,10,24,2,109.89,-39.21,149.1,BEAT_LIKE,NEUTRAL,109.89,-109.89,-512.82,-695.97,-366.3
YESBANK,2022-07-25,Banks,0.8583,1011.24,1529.41,652.17,465.89,465.89,265.8,23.0817,,-21.25,-2.3,12.9,LOW,10,3,3,-306.12,-46.39,-259.73,MISS_LIKE,RISK-ON,-306.12,0.0,170.07,1326.53,1292.52
YESBANK,2022-10-24,Banks,-0.639,190.48,-417.91,1505.38,399.52,399.52,565.82,31.0411,,42.95,10.4,12.9,LOW,10,3,4,-186.92,56.29,-243.2,MISS_LIKE,NEUTRAL,-186.92,-186.92,-311.53,311.53,498.44
YESBANK,2023-01-23,Banks,-0.5692,-198.51,1318.05,3811.19,-182.01,-182.01,257.31,59.6335,,-82.24,2.0,12.9,LOW,10,3,1,-810.13,60.24,-870.37,MISS_LIKE,NEUTRAL,-810.13,-936.71,-1341.77,-1569.62,-1544.3
YESBANK,2023-04-24,Banks,0.2074,553.75,553.75,220.82,-59.22,-59.22,238.66,33.3531,,6.1,-6.2,12.9,LOW,10,3,2,-308.64,177.86,-486.51,MISS_LIKE,NEUTRAL,-308.64,-432.1,-308.64,-61.73,-401.23
YESBANK,2023-07-24,Banks,1.293,197.74,1281.25,-1019.9,154.75,154.75,258.41,24.3366,,-7.31,1.3,12.9,LOW,10,3,3,-360.11,-22.83,-337.28,MISS_LIKE,RISK-ON,-360.11,-581.72,-609.42,-609.42,-609.42
YESBANK,2023-10-23,Banks,-0.3258,146.63,-225.99,679.01,-197.41,-197.41,214.8,13.1677,,-4.21,3.2,12.9,LOW,10,3,4,-549.13,-302.73,-246.4,MISS_LIKE,NEUTRAL,-549.13,-809.25,-780.35,-346.82,1098.27
YESBANK,2024-01-29,Banks,-0.316,-40.08,1861.57,4281.61,-138.82,-138.82,382.17,40.9759,,0.24,-0.7,12.9,LOW,10,31,1,-201.21,134.19,-335.4,MISS_LIKE,NEUTRAL,-201.21,-301.81,-462.78,2635.81,160.97
YESBANK,2024-04-29,Banks,-0.2076,376.98,1104.03,5337.24,145.02,145.02,379.79,32.7708,,4.2,0.7,12.9,LOW,10,31,2,363.29,198.61,164.68,BEAT_LIKE,CAUTION,363.29,-267.69,-783.94,-1491.4,-1300.19
